Sequence,pEC50,v1,v2,v3,v4,v5,v6,v7,v8,v9,v10,v11,v12,v13,v14,v15,v16,v17,v18,v19,v20,v21,v22,v23,v24,v25,v26,v27,v28,v29,v30,v31,v32,v33,v34,v35,v36,v37,v38,v39,v40,v41,v42,v43,v44,v45,v46,v47,v48,v49,v50,v51,v52,v53,v54,v55,v56,v57,v58,v59,v60,v61,v62,v63
WC,3.3767507096021,16.498562441115332,-3.398098513437103,-1.8214941954545734,-5.778972578510481,-2.803323763269081,2.2682480482971066,0.0,0.0,0.0,0.0,0.0,0.0,0.0,0.0,0.0,0.0,0.0,0.0,0.0,0.0,0.0,0.0,0.0,0.0,0.0,0.0,0.0,0.0,0.0,0.0,0.0,0.0,0.0,0.0,0.0,0.0,0.0,0.0,0.0,0.0,0.0,0.0,0.0,0.0,0.0,0.0,0.0,0.0,0.0,0.0,0.0,0.0,0.0,0.0,0.0,0.0,0.0,0.0,0.0,0.0,0.0,0.0,0.0
WY,3.55129368009492,16.498562441115332,-3.398098513437103,-1.8214941954545734,9.525620532168743,-1.076669160577019,-4.998800300485264,0.0,0.0,0.0,0.0,0.0,0.0,0.0,0.0,0.0,0.0,0.0,0.0,0.0,0.0,0.0,0.0,0.0,0.0,0.0,0.0,0.0,0.0,0.0,0.0,0.0,0.0,0.0,0.0,0.0,0.0,0.0,0.0,0.0,0.0,0.0,0.0,0.0,0.0,0.0,0.0,0.0,0.0,0.0,0.0,0.0,0.0,0.0,0.0,0.0,0.0,0.0,0.0,0.0,0.0,0.0,0.0,0.0
WM,3.614215041156665,16.498562441115332,-3.398098513437103,-1.8214941954545734,-0.19858454775604295,-3.247175377565883,3.8145984950135987,0.0,0.0,0.0,0.0,0.0,0.0,0.0,0.0,0.0,0.0,0.0,0.0,0.0,0.0,0.0,0.0,0.0,0.0,0.0,0.0,0.0,0.0,0.0,0.0,0.0,0.0,0.0,0.0,0.0,0.0,0.0,0.0,0.0,0.0,0.0,0.0,0.0,0.0,0.0,0.0,0.0,0.0,0.0,0.0,0.0,0.0,0.0,0.0,0.0,0.0,0.0,0.0,0.0,0.0,0.0,0.0,0.0
WN,3.828273546346769,16.498562441115332,-3.398098513437103,-1.8214941954545734,-2.040659773862981,6.81505543344863,-1.3662593290199059,0.0,0.0,0.0,0.0,0.0,0.0,0.0,0.0,0.0,0.0,0.0,0.0,0.0,0.0,0.0,0.0,0.0,0.0,0.0,0.0,0.0,0.0,0.0,0.0,0.0,0.0,0.0,0.0,0.0,0.0,0.0,0.0,0.0,0.0,0.0,0.0,0.0,0.0,0.0,0.0,0.0,0.0,0.0,0.0,0.0,0.0,0.0,0.0,0.0,0.0,0.0,0.0,0.0,0.0,0.0,0.0,0.0
WI,3.8579235389267152,16.498562441115332,-3.398098513437103,-1.8214941954545734,0.13193199711954567,-2.7381532785912532,0.5480683111438396,0.0,0.0,0.0,0.0,0.0,0.0,0.0,0.0,0.0,0.0,0.0,0.0,0.0,0.0,0.0,0.0,0.0,0.0,0.0,0.0,0.0,0.0,0.0,0.0,0.0,0.0,0.0,0.0,0.0,0.0,0.0,0.0,0.0,0.0,0.0,0.0,0.0,0.0,0.0,0.0,0.0,0.0,0.0,0.0,0.0,0.0,0.0,0.0,0.0,0.0,0.0,0.0,0.0,0.0,0.0,0.0,0.0
WQ,3.9197343726601552,16.498562441115332,-3.398098513437103,-1.8214941954545734,0.5043269910285714,7.125206332903636,-0.9510923610468568,0.0,0.0,0.0,0.0,0.0,0.0,0.0,0.0,0.0,0.0,0.0,0.0,0.0,0.0,0.0,0.0,0.0,0.0,0.0,0.0,0.0,0.0,0.0,0.0,0.0,0.0,0.0,0.0,0.0,0.0,0.0,0.0,0.0,0.0,0.0,0.0,0.0,0.0,0.0,0.0,0.0,0.0,0.0,0.0,0.0,0.0,0.0,0.0,0.0,0.0,0.0,0.0,0.0,0.0,0.0,0.0,0.0
WL,4.360513510731414,16.498562441115332,-3.398098513437103,-1.8214941954545734,-0.338652952185731,-2.391725819441075,0.8688722417671073,0.0,0.0,0.0,0.0,0.0,0.0,0.0,0.0,0.0,0.0,0.0,0.0,0.0,0.0,0.0,0.0,0.0,0.0,0.0,0.0,0.0,0.0,0.0,0.0,0.0,0.0,0.0,0.0,0.0,0.0,0.0,0.0,0.0,0.0,0.0,0.0,0.0,0.0,0.0,0.0,0.0,0.0,0.0,0.0,0.0,0.0,0.0,0.0,0.0,0.0,0.0,0.0,0.0,0.0,0.0,0.0,0.0
WT,3.316862868516993,16.498562441115332,-3.398098513437103,-1.8214941954545734,-4.486670090543148,0.4362909527054591,-0.2025045312276781,0.0,0.0,0.0,0.0,0.0,0.0,0.0,0.0,0.0,0.0,0.0,0.0,0.0,0.0,0.0,0.0,0.0,0.0,0.0,0.0,0.0,0.0,0.0,0.0,0.0,0.0,0.0,0.0,0.0,0.0,0.0,0.0,0.0,0.0,0.0,0.0,0.0,0.0,0.0,0.0,0.0,0.0,0.0,0.0,0.0,0.0,0.0,0.0,0.0,0.0,0.0,0.0,0.0,0.0,0.0,0.0,0.0
WK,4.391473966422806,16.498562441115332,-3.398098513437103,-1.8214941954545734,1.8071806263235894,1.2060514407762732,4.529994958666976,0.0,0.0,0.0,0.0,0.0,0.0,0.0,0.0,0.0,0.0,0.0,0.0,0.0,0.0,0.0,0.0,0.0,0.0,0.0,0.0,0.0,0.0,0.0,0.0,0.0,0.0,0.0,0.0,0.0,0.0,0.0,0.0,0.0,0.0,0.0,0.0,0.0,0.0,0.0,0.0,0.0,0.0,0.0,0.0,0.0,0.0,0.0,0.0,0.0,0.0,0.0,0.0,0.0,0.0,0.0,0.0,0.0
WR,4.422508200162775,16.498562441115332,-3.398098513437103,-1.8214941954545734,5.574236692330567,8.469502039131621,11.106192083688962,0.0,0.0,0.0,0.0,0.0,0.0,0.0,0.0,0.0,0.0,0.0,0.0,0.0,0.0,0.0,0.0,0.0,0.0,0.0,0.0,0.0,0.0,0.0,0.0,0.0,0.0,0.0,0.0,0.0,0.0,0.0,0.0,0.0,0.0,0.0,0.0,0.0,0.0,0.0,0.0,0.0,0.0,0.0,0.0,0.0,0.0,0.0,0.0,0.0,0.0,0.0,0.0,0.0,0.0,0.0,0.0,0.0
WW,3.2558635475987527,16.498562441115332,-3.398098513437103,-1.8214941954545734,16.20332566670491,-4.044775529813907,-2.677643490086634,0.0,0.0,0.0,0.0,0.0,0.0,0.0,0.0,0.0,0.0,0.0,0.0,0.0,0.0,0.0,0.0,0.0,0.0,0.0,0.0,0.0,0.0,0.0,0.0,0.0,0.0,0.0,0.0,0.0,0.0,0.0,0.0,0.0,0.0,0.0,0.0,0.0,0.0,0.0,0.0,0.0,0.0,0.0,0.0,0.0,0.0,0.0,0.0,0.0,0.0,0.0,0.0,0.0,0.0,0.0,0.0,0.0
LW,3.0028758443407955,-0.10678091373805224,-2.9133775091756173,0.5973277946316646,16.20332566670491,-4.044775529813907,-2.677643490086634,0.0,0.0,0.0,0.0,0.0,0.0,0.0,0.0,0.0,0.0,0.0,0.0,0.0,0.0,0.0,0.0,0.0,0.0,0.0,0.0,0.0,0.0,0.0,0.0,0.0,0.0,0.0,0.0,0.0,0.0,0.0,0.0,0.0,0.0,0.0,0.0,0.0,0.0,0.0,0.0,0.0,0.0,0.0,0.0,0.0,0.0,0.0,0.0,0.0,0.0,0.0,0.0,0.0,0.0,0.0,0.0,0.0
WS,3.191451448759594,16.498562441115332,-3.398098513437103,-1.8214941954545734,-6.876685148243282,0.058512758952893616,0.01362093976096068,0.0,0.0,0.0,0.0,0.0,0.0,0.0,0.0,0.0,0.0,0.0,0.0,0.0,0.0,0.0,0.0,0.0,0.0,0.0,0.0,0.0,0.0,0.0,0.0,0.0,0.0,0.0,0.0,0.0,0.0,0.0,0.0,0.0,0.0,0.0,0.0,0.0,0.0,0.0,0.0,0.0,0.0,0.0,0.0,0.0,0.0,0.0,0.0,0.0,0.0,0.0,0.0,0.0,0.0,0.0,0.0,0.0
MW,2.771753673744754,0.12719453204827788,-3.268268174447366,4.671549056833927,16.20332566670491,-4.044775529813907,-2.677643490086634,0.0,0.0,0.0,0.0,0.0,0.0,0.0,0.0,0.0,0.0,0.0,0.0,0.0,0.0,0.0,0.0,0.0,0.0,0.0,0.0,0.0,0.0,0.0,0.0,0.0,0.0,0.0,0.0,0.0,0.0,0.0,0.0,0.0,0.0,0.0,0.0,0.0,0.0,0.0,0.0,0.0,0.0,0.0,0.0,0.0,0.0,0.0,0.0,0.0,0.0,0.0,0.0,0.0,0.0,0.0,0.0,0.0
NH,4.161150909262744,-2.6094505881804437,5.617255186776414,-0.6976558640683974,5.548637623999388,-1.0255281429137273,1.7355944935683827,0.0,0.0,0.0,0.0,0.0,0.0,0.0,0.0,0.0,0.0,0.0,0.0,0.0,0.0,0.0,0.0,0.0,0.0,0.0,0.0,0.0,0.0,0.0,0.0,0.0,0.0,0.0,0.0,0.0,0.0,0.0,0.0,0.0,0.0,0.0,0.0,0.0,0.0,0.0,0.0,0.0,0.0,0.0,0.0,0.0,0.0,0.0,0.0,0.0,0.0,0.0,0.0,0.0,0.0,0.0,0.0,0.0
MM,4.031517051446065,0.12719453204827788,-3.268268174447366,4.671549056833927,-0.19858454775604295,-3.247175377565883,3.8145984950135987,0.0,0.0,0.0,0.0,0.0,0.0,0.0,0.0,0.0,0.0,0.0,0.0,0.0,0.0,0.0,0.0,0.0,0.0,0.0,0.0,0.0,0.0,0.0,0.0,0.0,0.0,0.0,0.0,0.0,0.0,0.0,0.0,0.0,0.0,0.0,0.0,0.0,0.0,0.0,0.0,0.0,0.0,0.0,0.0,0.0,0.0,0.0,0.0,0.0,0.0,0.0,0.0,0.0,0.0,0.0,0.0,0.0
ML,4.040958607678906,0.12719453204827788,-3.268268174447366,4.671549056833927,-0.338652952185731,-2.391725819441075,0.8688722417671073,0.0,0.0,0.0,0.0,0.0,0.0,0.0,0.0,0.0,0.0,0.0,0.0,0.0,0.0,0.0,0.0,0.0,0.0,0.0,0.0,0.0,0.0,0.0,0.0,0.0,0.0,0.0,0.0,0.0,0.0,0.0,0.0,0.0,0.0,0.0,0.0,0.0,0.0,0.0,0.0,0.0,0.0,0.0,0.0,0.0,0.0,0.0,0.0,0.0,0.0,0.0,0.0,0.0,0.0,0.0,0.0,0.0
FL,3.398396257450585,6.978579294175709,-3.8228806729060114,-3.482869723763835,-0.338652952185731,-2.391725819441075,0.8688722417671073,0.0,0.0,0.0,0.0,0.0,0.0,0.0,0.0,0.0,0.0,0.0,0.0,0.0,0.0,0.0,0.0,0.0,0.0,0.0,0.0,0.0,0.0,0.0,0.0,0.0,0.0,0.0,0.0,0.0,0.0,0.0,0.0,0.0,0.0,0.0,0.0,0.0,0.0,0.0,0.0,0.0,0.0,0.0,0.0,0.0,0.0,0.0,0.0,0.0,0.0,0.0,0.0,0.0,0.0,0.0,0.0,0.0
WV,4.182500738132242,16.498562441115332,-3.398098513437103,-1.8214941954545734,-2.4574106576871406,-2.5439907317828414,-0.5117010222873208,0.0,0.0,0.0,0.0,0.0,0.0,0.0,0.0,0.0,0.0,0.0,0.0,0.0,0.0,0.0,0.0,0.0,0.0,0.0,0.0,0.0,0.0,0.0,0.0,0.0,0.0,0.0,0.0,0.0,0.0,0.0,0.0,0.0,0.0,0.0,0.0,0.0,0.0,0.0,0.0,0.0,0.0,0.0,0.0,0.0,0.0,0.0,0.0,0.0,0.0,0.0,0.0,0.0,0.0,0.0,0.0,0.0
HL,3.8440873109140936,5.724318202042352,-0.6433587431353747,2.8456866346066443,-0.338652952185731,-2.391725819441075,0.8688722417671073,0.0,0.0,0.0,0.0,0.0,0.0,0.0,0.0,0.0,0.0,0.0,0.0,0.0,0.0,0.0,0.0,0.0,0.0,0.0,0.0,0.0,0.0,0.0,0.0,0.0,0.0,0.0,0.0,0.0,0.0,0.0,0.0,0.0,0.0,0.0,0.0,0.0,0.0,0.0,0.0,0.0,0.0,0.0,0.0,0.0,0.0,0.0,0.0,0.0,0.0,0.0,0.0,0.0,0.0,0.0,0.0,0.0
EK,2.4925826903692267,-0.814159476914806,7.915445278855207,-4.164183194652491,1.8071806263235894,1.2060514407762732,4.529994958666976,0.0,0.0,0.0,0.0,0.0,0.0,0.0,0.0,0.0,0.0,0.0,0.0,0.0,0.0,0.0,0.0,0.0,0.0,0.0,0.0,0.0,0.0,0.0,0.0,0.0,0.0,0.0,0.0,0.0,0.0,0.0,0.0,0.0,0.0,0.0,0.0,0.0,0.0,0.0,0.0,0.0,0.0,0.0,0.0,0.0,0.0,0.0,0.0,0.0,0.0,0.0,0.0,0.0,0.0,0.0,0.0,0.0
AL,3.054467407926799,-7.741434771697623,-3.4844618748942513,-1.1478765775462745,-0.338652952185731,-2.391725819441075,0.8688722417671073,0.0,0.0,0.0,0.0,0.0,0.0,0.0,0.0,0.0,0.0,0.0,0.0,0.0,0.0,0.0,0.0,0.0,0.0,0.0,0.0,0.0,0.0,0.0,0.0,0.0,0.0,0.0,0.0,0.0,0.0,0.0,0.0,0.0,0.0,0.0,0.0,0.0,0.0,0.0,0.0,0.0,0.0,0.0,0.0,0.0,0.0,0.0,0.0,0.0,0.0,0.0,0.0,0.0,0.0,0.0,0.0,0.0
SL,2.5991029638578795,-6.8233005218944,0.765438203440133,-0.9301897849939443,-0.338652952185731,-2.391725819441075,0.8688722417671073,0.0,0.0,0.0,0.0,0.0,0.0,0.0,0.0,0.0,0.0,0.0,0.0,0.0,0.0,0.0,0.0,0.0,0.0,0.0,0.0,0.0,0.0,0.0,0.0,0.0,0.0,0.0,0.0,0.0,0.0,0.0,0.0,0.0,0.0,0.0,0.0,0.0,0.0,0.0,0.0,0.0,0.0,0.0,0.0,0.0,0.0,0.0,0.0,0.0,0.0,0.0,0.0,0.0,0.0,0.0,0.0,0.0
GL,2.582523324479413,-10.645558792425252,-3.5872695512740123,-0.4880850742716901,-0.338652952185731,-2.391725819441075,0.8688722417671073,0.0,0.0,0.0,0.0,0.0,0.0,0.0,0.0,0.0,0.0,0.0,0.0,0.0,0.0,0.0,0.0,0.0,0.0,0.0,0.0,0.0,0.0,0.0,0.0,0.0,0.0,0.0,0.0,0.0,0.0,0.0,0.0,0.0,0.0,0.0,0.0,0.0,0.0,0.0,0.0,0.0,0.0,0.0,0.0,0.0,0.0,0.0,0.0,0.0,0.0,0.0,0.0,0.0,0.0,0.0,0.0,0.0
FF,3.136677139879544,6.978579294175709,-3.8228806729060114,-3.482869723763835,6.725212596781336,-3.8652350867287826,-3.185850790783945,0.0,0.0,0.0,0.0,0.0,0.0,0.0,0.0,0.0,0.0,0.0,0.0,0.0,0.0,0.0,0.0,0.0,0.0,0.0,0.0,0.0,0.0,0.0,0.0,0.0,0.0,0.0,0.0,0.0,0.0,0.0,0.0,0.0,0.0,0.0,0.0,0.0,0.0,0.0,0.0,0.0,0.0,0.0,0.0,0.0,0.0,0.0,0.0,0.0,0.0,0.0,0.0,0.0,0.0,0.0,0.0,0.0
VR,3.0829673778376065,-2.5510583608777613,-2.9906677869128226,-0.7934233883746501,5.574236692330567,8.469502039131621,11.106192083688962,0.0,0.0,0.0,0.0,0.0,0.0,0.0,0.0,0.0,0.0,0.0,0.0,0.0,0.0,0.0,0.0,0.0,0.0,0.0,0.0,0.0,0.0,0.0,0.0,0.0,0.0,0.0,0.0,0.0,0.0,0.0,0.0,0.0,0.0,0.0,0.0,0.0,0.0,0.0,0.0,0.0,0.0,0.0,0.0,0.0,0.0,0.0,0.0,0.0,0.0,0.0,0.0,0.0,0.0,0.0,0.0,0.0
YP,2.4989407377822483,9.331698937719244,-0.0011770848900616786,-5.966362687605359,-1.2741931521935563,-7.903186477926003,2.3528018408049465,0.0,0.0,0.0,0.0,0.0,0.0,0.0,0.0,0.0,0.0,0.0,0.0,0.0,0.0,0.0,0.0,0.0,0.0,0.0,0.0,0.0,0.0,0.0,0.0,0.0,0.0,0.0,0.0,0.0,0.0,0.0,0.0,0.0,0.0,0.0,0.0,0.0,0.0,0.0,0.0,0.0,0.0,0.0,0.0,0.0,0.0,0.0,0.0,0.0,0.0,0.0,0.0,0.0,0.0,0.0,0.0,0.0
HP,2.549750891680639,5.724318202042352,-0.6433587431353747,2.8456866346066443,-1.2741931521935563,-7.903186477926003,2.3528018408049465,0.0,0.0,0.0,0.0,0.0,0.0,0.0,0.0,0.0,0.0,0.0,0.0,0.0,0.0,0.0,0.0,0.0,0.0,0.0,0.0,0.0,0.0,0.0,0.0,0.0,0.0,0.0,0.0,0.0,0.0,0.0,0.0,0.0,0.0,0.0,0.0,0.0,0.0,0.0,0.0,0.0,0.0,0.0,0.0,0.0,0.0,0.0,0.0,0.0,0.0,0.0,0.0,0.0,0.0,0.0,0.0,0.0
KP,2.595166283380062,2.068980802489571,1.0015323124209548,3.893084305634904,-1.2741931521935563,-7.903186477926003,2.3528018408049465,0.0,0.0,0.0,0.0,0.0,0.0,0.0,0.0,0.0,0.0,0.0,0.0,0.0,0.0,0.0,0.0,0.0,0.0,0.0,0.0,0.0,0.0,0.0,0.0,0.0,0.0,0.0,0.0,0.0,0.0,0.0,0.0,0.0,0.0,0.0,0.0,0.0,0.0,0.0,0.0,0.0,0.0,0.0,0.0,0.0,0.0,0.0,0.0,0.0,0.0,0.0,0.0,0.0,0.0,0.0,0.0,0.0
GP,2.013676222949235,-10.645558792425252,-3.5872695512740123,-0.4880850742716901,-1.2741931521935563,-7.903186477926003,2.3528018408049465,0.0,0.0,0.0,0.0,0.0,0.0,0.0,0.0,0.0,0.0,0.0,0.0,0.0,0.0,0.0,0.0,0.0,0.0,0.0,0.0,0.0,0.0,0.0,0.0,0.0,0.0,0.0,0.0,0.0,0.0,0.0,0.0,0.0,0.0,0.0,0.0,0.0,0.0,0.0,0.0,0.0,0.0,0.0,0.0,0.0,0.0,0.0,0.0,0.0,0.0,0.0,0.0,0.0,0.0,0.0,0.0,0.0
PP,2.232102383981909,-1.5371628851710246,-7.571868322356164,0.1884437256385068,-1.2741931521935563,-7.903186477926003,2.3528018408049465,0.0,0.0,0.0,0.0,0.0,0.0,0.0,0.0,0.0,0.0,0.0,0.0,0.0,0.0,0.0,0.0,0.0,0.0,0.0,0.0,0.0,0.0,0.0,0.0,0.0,0.0,0.0,0.0,0.0,0.0,0.0,0.0,0.0,0.0,0.0,0.0,0.0,0.0,0.0,0.0,0.0,0.0,0.0,0.0,0.0,0.0,0.0,0.0,0.0,0.0,0.0,0.0,0.0,0.0,0.0,0.0,0.0
MP,3.0604807473813813,0.12719453204827788,-3.268268174447366,4.671549056833927,-1.2741931521935563,-7.903186477926003,2.3528018408049465,0.0,0.0,0.0,0.0,0.0,0.0,0.0,0.0,0.0,0.0,0.0,0.0,0.0,0.0,0.0,0.0,0.0,0.0,0.0,0.0,0.0,0.0,0.0,0.0,0.0,0.0,0.0,0.0,0.0,0.0,0.0,0.0,0.0,0.0,0.0,0.0,0.0,0.0,0.0,0.0,0.0,0.0,0.0,0.0,0.0,0.0,0.0,0.0,0.0,0.0,0.0,0.0,0.0,0.0,0.0,0.0,0.0
VA,3.774070740321736,-2.5510583608777613,-2.9906677869128226,-0.7934233883746501,-7.951190370427539,-3.3137831357210676,-1.2820171081222722,0.0,0.0,0.0,0.0,0.0,0.0,0.0,0.0,0.0,0.0,0.0,0.0,0.0,0.0,0.0,0.0,0.0,0.0,0.0,0.0,0.0,0.0,0.0,0.0,0.0,0.0,0.0,0.0,0.0,0.0,0.0,0.0,0.0,0.0,0.0,0.0,0.0,0.0,0.0,0.0,0.0,0.0,0.0,0.0,0.0,0.0,0.0,0.0,0.0,0.0,0.0,0.0,0.0,0.0,0.0,0.0,0.0
KA,2.202732459169284,2.068980802489571,1.0015323124209548,3.893084305634904,-7.951190370427539,-3.3137831357210676,-1.2820171081222722,0.0,0.0,0.0,0.0,0.0,0.0,0.0,0.0,0.0,0.0,0.0,0.0,0.0,0.0,0.0,0.0,0.0,0.0,0.0,0.0,0.0,0.0,0.0,0.0,0.0,0.0,0.0,0.0,0.0,0.0,0.0,0.0,0.0,0.0,0.0,0.0,0.0,0.0,0.0,0.0,0.0,0.0,0.0,0.0,0.0,0.0,0.0,0.0,0.0,0.0,0.0,0.0,0.0,0.0,0.0,0.0,0.0
AP,2.099632871343529,-7.741434771697623,-3.4844618748942513,-1.1478765775462745,-1.2741931521935563,-7.903186477926003,2.3528018408049465,0.0,0.0,0.0,0.0,0.0,0.0,0.0,0.0,0.0,0.0,0.0,0.0,0.0,0.0,0.0,0.0,0.0,0.0,0.0,0.0,0.0,0.0,0.0,0.0,0.0,0.0,0.0,0.0,0.0,0.0,0.0,0.0,0.0,0.0,0.0,0.0,0.0,0.0,0.0,0.0,0.0,0.0,0.0,0.0,0.0,0.0,0.0,0.0,0.0,0.0,0.0,0.0,0.0,0.0,0.0,0.0,0.0
LP,2.625251653989896,-0.10678091373805224,-2.9133775091756173,0.5973277946316646,-1.2741931521935563,-7.903186477926003,2.3528018408049465,0.0,0.0,0.0,0.0,0.0,0.0,0.0,0.0,0.0,0.0,0.0,0.0,0.0,0.0,0.0,0.0,0.0,0.0,0.0,0.0,0.0,0.0,0.0,0.0,0.0,0.0,0.0,0.0,0.0,0.0,0.0,0.0,0.0,0.0,0.0,0.0,0.0,0.0,0.0,0.0,0.0,0.0,0.0,0.0,0.0,0.0,0.0,0.0,0.0,0.0,0.0,0.0,0.0,0.0,0.0,0.0,0.0
VC,2.2665619729089386,-2.5510583608777613,-2.9906677869128226,-0.7934233883746501,-5.778972578510481,-2.803323763269081,2.2682480482971066,0.0,0.0,0.0,0.0,0.0,0.0,0.0,0.0,0.0,0.0,0.0,0.0,0.0,0.0,0.0,0.0,0.0,0.0,0.0,0.0,0.0,0.0,0.0,0.0,0.0,0.0,0.0,0.0,0.0,0.0,0.0,0.0,0.0,0.0,0.0,0.0,0.0,0.0,0.0,0.0,0.0,0.0,0.0,0.0,0.0,0.0,0.0,0.0,0.0,0.0,0.0,0.0,0.0,0.0,0.0,0.0,0.0
IP,3.3872161432802645,0.07703212186835602,-3.141303467359195,0.17510673142960811,-1.2741931521935563,-7.903186477926003,2.3528018408049465,0.0,0.0,0.0,0.0,0.0,0.0,0.0,0.0,0.0,0.0,0.0,0.0,0.0,0.0,0.0,0.0,0.0,0.0,0.0,0.0,0.0,0.0,0.0,0.0,0.0,0.0,0.0,0.0,0.0,0.0,0.0,0.0,0.0,0.0,0.0,0.0,0.0,0.0,0.0,0.0,0.0,0.0,0.0,0.0,0.0,0.0,0.0,0.0,0.0,0.0,0.0,0.0,0.0,0.0,0.0,0.0,0.0
TP,2.625251653989896,-4.282630111297579,0.926483061048546,-1.5560935694271958,-1.2741931521935563,-7.903186477926003,2.3528018408049465,0.0,0.0,0.0,0.0,0.0,0.0,0.0,0.0,0.0,0.0,0.0,0.0,0.0,0.0,0.0,0.0,0.0,0.0,0.0,0.0,0.0,0.0,0.0,0.0,0.0,0.0,0.0,0.0,0.0,0.0,0.0,0.0,0.0,0.0,0.0,0.0,0.0,0.0,0.0,0.0,0.0,0.0,0.0,0.0,0.0,0.0,0.0,0.0,0.0,0.0,0.0,0.0,0.0,0.0,0.0,0.0,0.0
WP,2.343901797987168,16.498562441115332,-3.398098513437103,-1.8214941954545734,-1.2741931521935563,-7.903186477926003,2.3528018408049465,0.0,0.0,0.0,0.0,0.0,0.0,0.0,0.0,0.0,0.0,0.0,0.0,0.0,0.0,0.0,0.0,0.0,0.0,0.0,0.0,0.0,0.0,0.0,0.0,0.0,0.0,0.0,0.0,0.0,0.0,0.0,0.0,0.0,0.0,0.0,0.0,0.0,0.0,0.0,0.0,0.0,0.0,0.0,0.0,0.0,0.0,0.0,0.0,0.0,0.0,0.0,0.0,0.0,0.0,0.0,0.0,0.0
SP,2.223298816011589,-6.8233005218944,0.765438203440133,-0.9301897849939443,-1.2741931521935563,-7.903186477926003,2.3528018408049465,0.0,0.0,0.0,0.0,0.0,0.0,0.0,0.0,0.0,0.0,0.0,0.0,0.0,0.0,0.0,0.0,0.0,0.0,0.0,0.0,0.0,0.0,0.0,0.0,0.0,0.0,0.0,0.0,0.0,0.0,0.0,0.0,0.0,0.0,0.0,0.0,0.0,0.0,0.0,0.0,0.0,0.0,0.0,0.0,0.0,0.0,0.0,0.0,0.0,0.0,0.0,0.0,0.0,0.0,0.0,0.0,0.0
FP,3.440093374963888,6.978579294175709,-3.8228806729060114,-3.482869723763835,-1.2741931521935563,-7.903186477926003,2.3528018408049465,0.0,0.0,0.0,0.0,0.0,0.0,0.0,0.0,0.0,0.0,0.0,0.0,0.0,0.0,0.0,0.0,0.0,0.0,0.0,0.0,0.0,0.0,0.0,0.0,0.0,0.0,0.0,0.0,0.0,0.0,0.0,0.0,0.0,0.0,0.0,0.0,0.0,0.0,0.0,0.0,0.0,0.0,0.0,0.0,0.0,0.0,0.0,0.0,0.0,0.0,0.0,0.0,0.0,0.0,0.0,0.0,0.0
RP,2.6497519816658373,5.388134501867419,7.656713388292837,10.225129499351038,-1.2741931521935563,-7.903186477926003,2.3528018408049465,0.0,0.0,0.0,0.0,0.0,0.0,0.0,0.0,0.0,0.0,0.0,0.0,0.0,0.0,0.0,0.0,0.0,0.0,0.0,0.0,0.0,0.0,0.0,0.0,0.0,0.0,0.0,0.0,0.0,0.0,0.0,0.0,0.0,0.0,0.0,0.0,0.0,0.0,0.0,0.0,0.0,0.0,0.0,0.0,0.0,0.0,0.0,0.0,0.0,0.0,0.0,0.0,0.0,0.0,0.0,0.0,0.0
VP,3.0555173278498318,-2.5510583608777613,-2.9906677869128226,-0.7934233883746501,-1.2741931521935563,-7.903186477926003,2.3528018408049465,0.0,0.0,0.0,0.0,0.0,0.0,0.0,0.0,0.0,0.0,0.0,0.0,0.0,0.0,0.0,0.0,0.0,0.0,0.0,0.0,0.0,0.0,0.0,0.0,0.0,0.0,0.0,0.0,0.0,0.0,0.0,0.0,0.0,0.0,0.0,0.0,0.0,0.0,0.0,0.0,0.0,0.0,0.0,0.0,0.0,0.0,0.0,0.0,0.0,0.0,0.0,0.0,0.0,0.0,0.0,0.0,0.0
VL,4.130768280269024,-2.5510583608777613,-2.9906677869128226,-0.7934233883746501,-0.338652952185731,-2.391725819441075,0.8688722417671073,0.0,0.0,0.0,0.0,0.0,0.0,0.0,0.0,0.0,0.0,0.0,0.0,0.0,0.0,0.0,0.0,0.0,0.0,0.0,0.0,0.0,0.0,0.0,0.0,0.0,0.0,0.0,0.0,0.0,0.0,0.0,0.0,0.0,0.0,0.0,0.0,0.0,0.0,0.0,0.0,0.0,0.0,0.0,0.0,0.0,0.0,0.0,0.0,0.0,0.0,0.0,0.0,0.0,0.0,0.0,0.0,0.0
AA,2.026872146400301,-7.741434771697623,-3.4844618748942513,-1.1478765775462745,-7.951190370427539,-3.3137831357210676,-1.2820171081222722,0.0,0.0,0.0,0.0,0.0,0.0,0.0,0.0,0.0,0.0,0.0,0.0,0.0,0.0,0.0,0.0,0.0,0.0,0.0,0.0,0.0,0.0,0.0,0.0,0.0,0.0,0.0,0.0,0.0,0.0,0.0,0.0,0.0,0.0,0.0,0.0,0.0,0.0,0.0,0.0,0.0,0.0,0.0,0.0,0.0,0.0,0.0,0.0,0.0,0.0,0.0,0.0,0.0,0.0,0.0,0.0,0.0
TH,4.309803919971486,-4.282630111297579,0.926483061048546,-1.5560935694271958,5.548637623999388,-1.0255281429137273,1.7355944935683827,0.0,0.0,0.0,0.0,0.0,0.0,0.0,0.0,0.0,0.0,0.0,0.0,0.0,0.0,0.0,0.0,0.0,0.0,0.0,0.0,0.0,0.0,0.0,0.0,0.0,0.0,0.0,0.0,0.0,0.0,0.0,0.0,0.0,0.0,0.0,0.0,0.0,0.0,0.0,0.0,0.0,0.0,0.0,0.0,0.0,0.0,0.0,0.0,0.0,0.0,0.0,0.0,0.0,0.0,0.0,0.0,0.0
TW,4.075720713938118,-4.282630111297579,0.926483061048546,-1.5560935694271958,16.20332566670491,-4.044775529813907,-2.677643490086634,0.0,0.0,0.0,0.0,0.0,0.0,0.0,0.0,0.0,0.0,0.0,0.0,0.0,0.0,0.0,0.0,0.0,0.0,0.0,0.0,0.0,0.0,0.0,0.0,0.0,0.0,0.0,0.0,0.0,0.0,0.0,0.0,0.0,0.0,0.0,0.0,0.0,0.0,0.0,0.0,0.0,0.0,0.0,0.0,0.0,0.0,0.0,0.0,0.0,0.0,0.0,0.0,0.0,0.0,0.0,0.0,0.0
PPG,2.647300516017055,-1.5371628851710246,-7.571868322356164,0.1884437256385068,-1.3156131697511002,-7.931326554773195,1.9674864765830813,-10.685711481350559,-3.7144747087686145,-1.1966589313284235,0.0,0.0,0.0,0.0,0.0,0.0,0.0,0.0,0.0,0.0,0.0,0.0,0.0,0.0,0.0,0.0,0.0,0.0,0.0,0.0,0.0,0.0,0.0,0.0,0.0,0.0,0.0,0.0,0.0,0.0,0.0,0.0,0.0,0.0,0.0,0.0,0.0,0.0,0.0,0.0,0.0,0.0,0.0,0.0,0.0,0.0,0.0,0.0,0.0,0.0,0.0,0.0,0.0,0.0
APG,1.3979400086720375,-7.741434771697623,-3.4844618748942513,-1.1478765775462745,-1.3156131697511002,-7.931326554773195,1.9674864765830813,-10.685711481350559,-3.7144747087686145,-1.1966589313284235,0.0,0.0,0.0,0.0,0.0,0.0,0.0,0.0,0.0,0.0,0.0,0.0,0.0,0.0,0.0,0.0,0.0,0.0,0.0,0.0,0.0,0.0,0.0,0.0,0.0,0.0,0.0,0.0,0.0,0.0,0.0,0.0,0.0,0.0,0.0,0.0,0.0,0.0,0.0,0.0,0.0,0.0,0.0,0.0,0.0,0.0,0.0,0.0,0.0,0.0,0.0,0.0,0.0,0.0
VPL,4.801342913045577,-2.5510583608777613,-2.9906677869128226,-0.7934233883746501,-1.3156131697511002,-7.931326554773195,1.9674864765830813,-0.338652952185731,-2.391725819441075,0.8688722417671073,0.0,0.0,0.0,0.0,0.0,0.0,0.0,0.0,0.0,0.0,0.0,0.0,0.0,0.0,0.0,0.0,0.0,0.0,0.0,0.0,0.0,0.0,0.0,0.0,0.0,0.0,0.0,0.0,0.0,0.0,0.0,0.0,0.0,0.0,0.0,0.0,0.0,0.0,0.0,0.0,0.0,0.0,0.0,0.0,0.0,0.0,0.0,0.0,0.0,0.0,0.0,0.0,0.0,0.0
IPA,4.309803919971486,0.07703212186835602,-3.141303467359195,0.17510673142960811,-1.3156131697511002,-7.931326554773195,1.9674864765830813,-7.951190370427539,-3.3137831357210676,-1.2820171081222722,0.0,0.0,0.0,0.0,0.0,0.0,0.0,0.0,0.0,0.0,0.0,0.0,0.0,0.0,0.0,0.0,0.0,0.0,0.0,0.0,0.0,0.0,0.0,0.0,0.0,0.0,0.0,0.0,0.0,0.0,0.0,0.0,0.0,0.0,0.0,0.0,0.0,0.0,0.0,0.0,0.0,0.0,0.0,0.0,0.0,0.0,0.0,0.0,0.0,0.0,0.0,0.0,0.0,0.0
WWW,3.665546248849069,16.498562441115332,-3.398098513437103,-1.8214941954545734,16.230864838790954,-3.8660493940725864,-2.2177366550300897,16.20332566670491,-4.044775529813907,-2.677643490086634,0.0,0.0,0.0,0.0,0.0,0.0,0.0,0.0,0.0,0.0,0.0,0.0,0.0,0.0,0.0,0.0,0.0,0.0,0.0,0.0,0.0,0.0,0.0,0.0,0.0,0.0,0.0,0.0,0.0,0.0,0.0,0.0,0.0,0.0,0.0,0.0,0.0,0.0,0.0,0.0,0.0,0.0,0.0,0.0,0.0,0.0,0.0,0.0,0.0,0.0,0.0,0.0,0.0,0.0
LQP,2.927713330490108,-0.10678091373805224,-2.9133775091756173,0.5973277946316646,0.174879605921553,6.401164410159236,-0.9888762374546113,-1.2741931521935563,-7.903186477926003,2.3528018408049465,0.0,0.0,0.0,0.0,0.0,0.0,0.0,0.0,0.0,0.0,0.0,0.0,0.0,0.0,0.0,0.0,0.0,0.0,0.0,0.0,0.0,0.0,0.0,0.0,0.0,0.0,0.0,0.0,0.0,0.0,0.0,0.0,0.0,0.0,0.0,0.0,0.0,0.0,0.0,0.0,0.0,0.0,0.0,0.0,0.0,0.0,0.0,0.0,0.0,0.0,0.0,0.0,0.0,0.0
PPL,3.4087795203657145,-1.5371628851710246,-7.571868322356164,0.1884437256385068,-1.3156131697511002,-7.931326554773195,1.9674864765830813,-0.338652952185731,-2.391725819441075,0.8688722417671073,0.0,0.0,0.0,0.0,0.0,0.0,0.0,0.0,0.0,0.0,0.0,0.0,0.0,0.0,0.0,0.0,0.0,0.0,0.0,0.0,0.0,0.0,0.0,0.0,0.0,0.0,0.0,0.0,0.0,0.0,0.0,0.0,0.0,0.0,0.0,0.0,0.0,0.0,0.0,0.0,0.0,0.0,0.0,0.0,0.0,0.0,0.0,0.0,0.0,0.0,0.0,0.0,0.0,0.0
GPA,1.3979400086720375,-10.645558792425252,-3.5872695512740123,-0.4880850742716901,-1.3156131697511002,-7.931326554773195,1.9674864765830813,-7.951190370427539,-3.3137831357210676,-1.2820171081222722,0.0,0.0,0.0,0.0,0.0,0.0,0.0,0.0,0.0,0.0,0.0,0.0,0.0,0.0,0.0,0.0,0.0,0.0,0.0,0.0,0.0,0.0,0.0,0.0,0.0,0.0,0.0,0.0,0.0,0.0,0.0,0.0,0.0,0.0,0.0,0.0,0.0,0.0,0.0,0.0,0.0,0.0,0.0,0.0,0.0,0.0,0.0,0.0,0.0,0.0,0.0,0.0,0.0,0.0
MAM,3.0543837207732683,0.12719453204827788,-3.268268174447366,4.671549056833927,-7.888580947767176,-3.3813526052952785,-1.5228485843542836,-0.19858454775604295,-3.247175377565883,3.8145984950135987,0.0,0.0,0.0,0.0,0.0,0.0,0.0,0.0,0.0,0.0,0.0,0.0,0.0,0.0,0.0,0.0,0.0,0.0,0.0,0.0,0.0,0.0,0.0,0.0,0.0,0.0,0.0,0.0,0.0,0.0,0.0,0.0,0.0,0.0,0.0,0.0,0.0,0.0,0.0,0.0,0.0,0.0,0.0,0.0,0.0,0.0,0.0,0.0,0.0,0.0,0.0,0.0,0.0,0.0
LPL,3.6172627342386696,-0.10678091373805224,-2.9133775091756173,0.5973277946316646,-1.3156131697511002,-7.931326554773195,1.9674864765830813,-0.338652952185731,-2.391725819441075,0.8688722417671073,0.0,0.0,0.0,0.0,0.0,0.0,0.0,0.0,0.0,0.0,0.0,0.0,0.0,0.0,0.0,0.0,0.0,0.0,0.0,0.0,0.0,0.0,0.0,0.0,0.0,0.0,0.0,0.0,0.0,0.0,0.0,0.0,0.0,0.0,0.0,0.0,0.0,0.0,0.0,0.0,0.0,0.0,0.0,0.0,0.0,0.0,0.0,0.0,0.0,0.0,0.0,0.0,0.0,0.0
IPM,4.158015195409886,0.07703212186835602,-3.141303467359195,0.17510673142960811,-1.3156131697511002,-7.931326554773195,1.9674864765830813,-0.19858454775604295,-3.247175377565883,3.8145984950135987,0.0,0.0,0.0,0.0,0.0,0.0,0.0,0.0,0.0,0.0,0.0,0.0,0.0,0.0,0.0,0.0,0.0,0.0,0.0,0.0,0.0,0.0,0.0,0.0,0.0,0.0,0.0,0.0,0.0,0.0,0.0,0.0,0.0,0.0,0.0,0.0,0.0,0.0,0.0,0.0,0.0,0.0,0.0,0.0,0.0,0.0,0.0,0.0,0.0,0.0,0.0,0.0,0.0,0.0
GPV,3.0997421415622224,-10.645558792425252,-3.5872695512740123,-0.4880850742716901,-1.3156131697511002,-7.931326554773195,1.9674864765830813,-2.4574106576871406,-2.5439907317828414,-0.5117010222873208,0.0,0.0,0.0,0.0,0.0,0.0,0.0,0.0,0.0,0.0,0.0,0.0,0.0,0.0,0.0,0.0,0.0,0.0,0.0,0.0,0.0,0.0,0.0,0.0,0.0,0.0,0.0,0.0,0.0,0.0,0.0,0.0,0.0,0.0,0.0,0.0,0.0,0.0,0.0,0.0,0.0,0.0,0.0,0.0,0.0,0.0,0.0,0.0,0.0,0.0,0.0,0.0,0.0,0.0
WRE,3.4559319556497243,16.498562441115332,-3.398098513437103,-1.8214941954545734,5.507678476190155,7.1601009121148715,11.159497200012913,-0.6765856012972756,7.171897016148379,-5.01869606014355,0.0,0.0,0.0,0.0,0.0,0.0,0.0,0.0,0.0,0.0,0.0,0.0,0.0,0.0,0.0,0.0,0.0,0.0,0.0,0.0,0.0,0.0,0.0,0.0,0.0,0.0,0.0,0.0,0.0,0.0,0.0,0.0,0.0,0.0,0.0,0.0,0.0,0.0,0.0,0.0,0.0,0.0,0.0,0.0,0.0,0.0,0.0,0.0,0.0,0.0,0.0,0.0,0.0,0.0
WRD,3.424812155072339,16.498562441115332,-3.398098513437103,-1.8214941954545734,5.507678476190155,7.1601009121148715,11.159497200012913,-3.255156372398889,7.385505239032352,-5.84676748818003,0.0,0.0,0.0,0.0,0.0,0.0,0.0,0.0,0.0,0.0,0.0,0.0,0.0,0.0,0.0,0.0,0.0,0.0,0.0,0.0,0.0,0.0,0.0,0.0,0.0,0.0,0.0,0.0,0.0,0.0,0.0,0.0,0.0,0.0,0.0,0.0,0.0,0.0,0.0,0.0,0.0,0.0,0.0,0.0,0.0,0.0,0.0,0.0,0.0,0.0,0.0,0.0,0.0,0.0
WRN,3.3946949538588904,16.498562441115332,-3.398098513437103,-1.8214941954545734,5.507678476190155,7.1601009121148715,11.159497200012913,-2.040659773862981,6.81505543344863,-1.3662593290199059,0.0,0.0,0.0,0.0,0.0,0.0,0.0,0.0,0.0,0.0,0.0,0.0,0.0,0.0,0.0,0.0,0.0,0.0,0.0,0.0,0.0,0.0,0.0,0.0,0.0,0.0,0.0,0.0,0.0,0.0,0.0,0.0,0.0,0.0,0.0,0.0,0.0,0.0,0.0,0.0,0.0,0.0,0.0,0.0,0.0,0.0,0.0,0.0,0.0,0.0,0.0,0.0,0.0,0.0
WRK,3.3914739664228057,16.498562441115332,-3.398098513437103,-1.8214941954545734,5.507678476190155,7.1601009121148715,11.159497200012913,1.8071806263235894,1.2060514407762732,4.529994958666976,0.0,0.0,0.0,0.0,0.0,0.0,0.0,0.0,0.0,0.0,0.0,0.0,0.0,0.0,0.0,0.0,0.0,0.0,0.0,0.0,0.0,0.0,0.0,0.0,0.0,0.0,0.0,0.0,0.0,0.0,0.0,0.0,0.0,0.0,0.0,0.0,0.0,0.0,0.0,0.0,0.0,0.0,0.0,0.0,0.0,0.0,0.0,0.0,0.0,0.0,0.0,0.0,0.0,0.0
WRF,3.384049948343599,16.498562441115332,-3.398098513437103,-1.8214941954545734,5.507678476190155,7.1601009121148715,11.159497200012913,6.725212596781336,-3.8652350867287826,-3.185850790783945,0.0,0.0,0.0,0.0,0.0,0.0,0.0,0.0,0.0,0.0,0.0,0.0,0.0,0.0,0.0,0.0,0.0,0.0,0.0,0.0,0.0,0.0,0.0,0.0,0.0,0.0,0.0,0.0,0.0,0.0,0.0,0.0,0.0,0.0,0.0,0.0,0.0,0.0,0.0,0.0,0.0,0.0,0.0,0.0,0.0,0.0,0.0,0.0,0.0,0.0,0.0,0.0,0.0,0.0
WRG,3.3251388592621884,16.498562441115332,-3.398098513437103,-1.8214941954545734,5.507678476190155,7.1601009121148715,11.159497200012913,-10.685711481350559,-3.7144747087686145,-1.1966589313284235,0.0,0.0,0.0,0.0,0.0,0.0,0.0,0.0,0.0,0.0,0.0,0.0,0.0,0.0,0.0,0.0,0.0,0.0,0.0,0.0,0.0,0.0,0.0,0.0,0.0,0.0,0.0,0.0,0.0,0.0,0.0,0.0,0.0,0.0,0.0,0.0,0.0,0.0,0.0,0.0,0.0,0.0,0.0,0.0,0.0,0.0,0.0,0.0,0.0,0.0,0.0,0.0,0.0,0.0
WRS,3.316052869248488,16.498562441115332,-3.398098513437103,-1.8214941954545734,5.507678476190155,7.1601009121148715,11.159497200012913,-6.876685148243282,0.058512758952893616,0.01362093976096068,0.0,0.0,0.0,0.0,0.0,0.0,0.0,0.0,0.0,0.0,0.0,0.0,0.0,0.0,0.0,0.0,0.0,0.0,0.0,0.0,0.0,0.0,0.0,0.0,0.0,0.0,0.0,0.0,0.0,0.0,0.0,0.0,0.0,0.0,0.0,0.0,0.0,0.0,0.0,0.0,0.0,0.0,0.0,0.0,0.0,0.0,0.0,0.0,0.0,0.0,0.0,0.0,0.0,0.0
GPM,3.378927628856374,-10.645558792425252,-3.5872695512740123,-0.4880850742716901,-1.3156131697511002,-7.931326554773195,1.9674864765830813,-0.19858454775604295,-3.247175377565883,3.8145984950135987,0.0,0.0,0.0,0.0,0.0,0.0,0.0,0.0,0.0,0.0,0.0,0.0,0.0,0.0,0.0,0.0,0.0,0.0,0.0,0.0,0.0,0.0,0.0,0.0,0.0,0.0,0.0,0.0,0.0,0.0,0.0,0.0,0.0,0.0,0.0,0.0,0.0,0.0,0.0,0.0,0.0,0.0,0.0,0.0,0.0,0.0,0.0,0.0,0.0,0.0,0.0,0.0,0.0,0.0
WRW,3.312471038785365,16.498562441115332,-3.398098513437103,-1.8214941954545734,5.507678476190155,7.1601009121148715,11.159497200012913,16.20332566670491,-4.044775529813907,-2.677643490086634,0.0,0.0,0.0,0.0,0.0,0.0,0.0,0.0,0.0,0.0,0.0,0.0,0.0,0.0,0.0,0.0,0.0,0.0,0.0,0.0,0.0,0.0,0.0,0.0,0.0,0.0,0.0,0.0,0.0,0.0,0.0,0.0,0.0,0.0,0.0,0.0,0.0,0.0,0.0,0.0,0.0,0.0,0.0,0.0,0.0,0.0,0.0,0.0,0.0,0.0,0.0,0.0,0.0,0.0
WRR,3.2441251443275085,16.498562441115332,-3.398098513437103,-1.8214941954545734,5.507678476190155,7.1601009121148715,11.159497200012913,5.574236692330567,8.469502039131621,11.106192083688962,0.0,0.0,0.0,0.0,0.0,0.0,0.0,0.0,0.0,0.0,0.0,0.0,0.0,0.0,0.0,0.0,0.0,0.0,0.0,0.0,0.0,0.0,0.0,0.0,0.0,0.0,0.0,0.0,0.0,0.0,0.0,0.0,0.0,0.0,0.0,0.0,0.0,0.0,0.0,0.0,0.0,0.0,0.0,0.0,0.0,0.0,0.0,0.0,0.0,0.0,0.0,0.0,0.0,0.0
WRY,3.193820026016113,16.498562441115332,-3.398098513437103,-1.8214941954545734,5.507678476190155,7.1601009121148715,11.159497200012913,9.525620532168743,-1.076669160577019,-4.998800300485264,0.0,0.0,0.0,0.0,0.0,0.0,0.0,0.0,0.0,0.0,0.0,0.0,0.0,0.0,0.0,0.0,0.0,0.0,0.0,0.0,0.0,0.0,0.0,0.0,0.0,0.0,0.0,0.0,0.0,0.0,0.0,0.0,0.0,0.0,0.0,0.0,0.0,0.0,0.0,0.0,0.0,0.0,0.0,0.0,0.0,0.0,0.0,0.0,0.0,0.0,0.0,0.0,0.0,0.0
WRH,3.1739251972991736,16.498562441115332,-3.398098513437103,-1.8214941954545734,5.507678476190155,7.1601009121148715,11.159497200012913,5.548637623999388,-1.0255281429137273,1.7355944935683827,0.0,0.0,0.0,0.0,0.0,0.0,0.0,0.0,0.0,0.0,0.0,0.0,0.0,0.0,0.0,0.0,0.0,0.0,0.0,0.0,0.0,0.0,0.0,0.0,0.0,0.0,0.0,0.0,0.0,0.0,0.0,0.0,0.0,0.0,0.0,0.0,0.0,0.0,0.0,0.0,0.0,0.0,0.0,0.0,0.0,0.0,0.0,0.0,0.0,0.0,0.0,0.0,0.0,0.0
WRM,3.171984935776023,16.498562441115332,-3.398098513437103,-1.8214941954545734,5.507678476190155,7.1601009121148715,11.159497200012913,-0.19858454775604295,-3.247175377565883,3.8145984950135987,0.0,0.0,0.0,0.0,0.0,0.0,0.0,0.0,0.0,0.0,0.0,0.0,0.0,0.0,0.0,0.0,0.0,0.0,0.0,0.0,0.0,0.0,0.0,0.0,0.0,0.0,0.0,0.0,0.0,0.0,0.0,0.0,0.0,0.0,0.0,0.0,0.0,0.0,0.0,0.0,0.0,0.0,0.0,0.0,0.0,0.0,0.0,0.0,0.0,0.0,0.0,0.0,0.0,0.0
WRA,3.161150909262745,16.498562441115332,-3.398098513437103,-1.8214941954545734,5.507678476190155,7.1601009121148715,11.159497200012913,-7.951190370427539,-3.3137831357210676,-1.2820171081222722,0.0,0.0,0.0,0.0,0.0,0.0,0.0,0.0,0.0,0.0,0.0,0.0,0.0,0.0,0.0,0.0,0.0,0.0,0.0,0.0,0.0,0.0,0.0,0.0,0.0,0.0,0.0,0.0,0.0,0.0,0.0,0.0,0.0,0.0,0.0,0.0,0.0,0.0,0.0,0.0,0.0,0.0,0.0,0.0,0.0,0.0,0.0,0.0,0.0,0.0,0.0,0.0,0.0,0.0
WRQ,3.1426675035687315,16.498562441115332,-3.398098513437103,-1.8214941954545734,5.507678476190155,7.1601009121148715,11.159497200012913,0.5043269910285714,7.125206332903636,-0.9510923610468568,0.0,0.0,0.0,0.0,0.0,0.0,0.0,0.0,0.0,0.0,0.0,0.0,0.0,0.0,0.0,0.0,0.0,0.0,0.0,0.0,0.0,0.0,0.0,0.0,0.0,0.0,0.0,0.0,0.0,0.0,0.0,0.0,0.0,0.0,0.0,0.0,0.0,0.0,0.0,0.0,0.0,0.0,0.0,0.0,0.0,0.0,0.0,0.0,0.0,0.0,0.0,0.0,0.0,0.0
WRI,3.136677139879544,16.498562441115332,-3.398098513437103,-1.8214941954545734,5.507678476190155,7.1601009121148715,11.159497200012913,0.13193199711954567,-2.7381532785912532,0.5480683111438396,0.0,0.0,0.0,0.0,0.0,0.0,0.0,0.0,0.0,0.0,0.0,0.0,0.0,0.0,0.0,0.0,0.0,0.0,0.0,0.0,0.0,0.0,0.0,0.0,0.0,0.0,0.0,0.0,0.0,0.0,0.0,0.0,0.0,0.0,0.0,0.0,0.0,0.0,0.0,0.0,0.0,0.0,0.0,0.0,0.0,0.0,0.0,0.0,0.0,0.0,0.0,0.0,0.0,0.0
WRP,3.10790539730952,16.498562441115332,-3.398098513437103,-1.8214941954545734,5.507678476190155,7.1601009121148715,11.159497200012913,-1.2741931521935563,-7.903186477926003,2.3528018408049465,0.0,0.0,0.0,0.0,0.0,0.0,0.0,0.0,0.0,0.0,0.0,0.0,0.0,0.0,0.0,0.0,0.0,0.0,0.0,0.0,0.0,0.0,0.0,0.0,0.0,0.0,0.0,0.0,0.0,0.0,0.0,0.0,0.0,0.0,0.0,0.0,0.0,0.0,0.0,0.0,0.0,0.0,0.0,0.0,0.0,0.0,0.0,0.0,0.0,0.0,0.0,0.0,0.0,0.0
WRL,3.0443122496864943,16.498562441115332,-3.398098513437103,-1.8214941954545734,5.507678476190155,7.1601009121148715,11.159497200012913,-0.338652952185731,-2.391725819441075,0.8688722417671073,0.0,0.0,0.0,0.0,0.0,0.0,0.0,0.0,0.0,0.0,0.0,0.0,0.0,0.0,0.0,0.0,0.0,0.0,0.0,0.0,0.0,0.0,0.0,0.0,0.0,0.0,0.0,0.0,0.0,0.0,0.0,0.0,0.0,0.0,0.0,0.0,0.0,0.0,0.0,0.0,0.0,0.0,0.0,0.0,0.0,0.0,0.0,0.0,0.0,0.0,0.0,0.0,0.0,0.0
WRT,3.2790142558462607,16.498562441115332,-3.398098513437103,-1.8214941954545734,5.507678476190155,7.1601009121148715,11.159497200012913,-4.486670090543148,0.4362909527054591,-0.2025045312276781,0.0,0.0,0.0,0.0,0.0,0.0,0.0,0.0,0.0,0.0,0.0,0.0,0.0,0.0,0.0,0.0,0.0,0.0,0.0,0.0,0.0,0.0,0.0,0.0,0.0,0.0,0.0,0.0,0.0,0.0,0.0,0.0,0.0,0.0,0.0,0.0,0.0,0.0,0.0,0.0,0.0,0.0,0.0,0.0,0.0,0.0,0.0,0.0,0.0,0.0,0.0,0.0,0.0,0.0
YPY,3.613144470815276,9.331698937719244,-0.0011770848900616786,-5.966362687605359,-1.3156131697511002,-7.931326554773195,1.9674864765830813,9.525620532168743,-1.076669160577019,-4.998800300485264,0.0,0.0,0.0,0.0,0.0,0.0,0.0,0.0,0.0,0.0,0.0,0.0,0.0,0.0,0.0,0.0,0.0,0.0,0.0,0.0,0.0,0.0,0.0,0.0,0.0,0.0,0.0,0.0,0.0,0.0,0.0,0.0,0.0,0.0,0.0,0.0,0.0,0.0,0.0,0.0,0.0,0.0,0.0,0.0,0.0,0.0,0.0,0.0,0.0,0.0,0.0,0.0,0.0,0.0
LPQ,4.086186147616283,-0.10678091373805224,-2.9133775091756173,0.5973277946316646,-1.3156131697511002,-7.931326554773195,1.9674864765830813,0.5043269910285714,7.125206332903636,-0.9510923610468568,0.0,0.0,0.0,0.0,0.0,0.0,0.0,0.0,0.0,0.0,0.0,0.0,0.0,0.0,0.0,0.0,0.0,0.0,0.0,0.0,0.0,0.0,0.0,0.0,0.0,0.0,0.0,0.0,0.0,0.0,0.0,0.0,0.0,0.0,0.0,0.0,0.0,0.0,0.0,0.0,0.0,0.0,0.0,0.0,0.0,0.0,0.0,0.0,0.0,0.0,0.0,0.0,0.0,0.0
GPF,3.026872146400301,-10.645558792425252,-3.5872695512740123,-0.4880850742716901,-1.3156131697511002,-7.931326554773195,1.9674864765830813,6.725212596781336,-3.8652350867287826,-3.185850790783945,0.0,0.0,0.0,0.0,0.0,0.0,0.0,0.0,0.0,0.0,0.0,0.0,0.0,0.0,0.0,0.0,0.0,0.0,0.0,0.0,0.0,0.0,0.0,0.0,0.0,0.0,0.0,0.0,0.0,0.0,0.0,0.0,0.0,0.0,0.0,0.0,0.0,0.0,0.0,0.0,0.0,0.0,0.0,0.0,0.0,0.0,0.0,0.0,0.0,0.0,0.0,0.0,0.0,0.0
IGL,2.653647025549361,0.07703212186835602,-3.141303467359195,0.17510673142960811,-11.15029178739797,-4.223779703834653,-1.1931884625485811,-0.338652952185731,-2.391725819441075,0.8688722417671073,0.0,0.0,0.0,0.0,0.0,0.0,0.0,0.0,0.0,0.0,0.0,0.0,0.0,0.0,0.0,0.0,0.0,0.0,0.0,0.0,0.0,0.0,0.0,0.0,0.0,0.0,0.0,0.0,0.0,0.0,0.0,0.0,0.0,0.0,0.0,0.0,0.0,0.0,0.0,0.0,0.0,0.0,0.0,0.0,0.0,0.0,0.0,0.0,0.0,0.0,0.0,0.0,0.0,0.0
VAAA,3.85078088734462,-2.5510583608777613,-2.9906677869128226,-0.7934233883746501,-7.888580947767176,-3.3813526052952785,-1.5228485843542836,-7.888580947767176,-3.3813526052952785,-1.5228485843542836,-7.951190370427539,-3.3137831357210676,-1.2820171081222722,0.0,0.0,0.0,0.0,0.0,0.0,0.0,0.0,0.0,0.0,0.0,0.0,0.0,0.0,0.0,0.0,0.0,0.0,0.0,0.0,0.0,0.0,0.0,0.0,0.0,0.0,0.0,0.0,0.0,0.0,0.0,0.0,0.0,0.0,0.0,0.0,0.0,0.0,0.0,0.0,0.0,0.0,0.0,0.0,0.0,0.0,0.0,0.0,0.0,0.0,0.0
MAMP,3.888401475119606,0.12719453204827788,-3.268268174447366,4.671549056833927,-7.888580947767176,-3.3813526052952785,-1.5228485843542836,-0.18682927041109645,-3.2829587769034436,3.9086083048821028,-1.2741931521935563,-7.903186477926003,2.3528018408049465,0.0,0.0,0.0,0.0,0.0,0.0,0.0,0.0,0.0,0.0,0.0,0.0,0.0,0.0,0.0,0.0,0.0,0.0,0.0,0.0,0.0,0.0,0.0,0.0,0.0,0.0,0.0,0.0,0.0,0.0,0.0,0.0,0.0,0.0,0.0,0.0,0.0,0.0,0.0,0.0,0.0,0.0,0.0,0.0,0.0,0.0,0.0,0.0,0.0,0.0,0.0
GPSL,4.1666616110606025,-10.645558792425252,-3.5872695512740123,-0.4880850742716901,-1.3156131697511002,-7.931326554773195,1.9674864765830813,-6.482451795840726,0.5422090734250031,-0.33089271794259767,-0.338652952185731,-2.391725819441075,0.8688722417671073,0.0,0.0,0.0,0.0,0.0,0.0,0.0,0.0,0.0,0.0,0.0,0.0,0.0,0.0,0.0,0.0,0.0,0.0,0.0,0.0,0.0,0.0,0.0,0.0,0.0,0.0,0.0,0.0,0.0,0.0,0.0,0.0,0.0,0.0,0.0,0.0,0.0,0.0,0.0,0.0,0.0,0.0,0.0,0.0,0.0,0.0,0.0,0.0,0.0,0.0,0.0
IPGA,4.1780281823579575,0.07703212186835602,-3.141303467359195,0.17510673142960811,-1.3156131697511002,-7.931326554773195,1.9674864765830813,-11.15029178739797,-4.223779703834653,-1.1931884625485811,-7.951190370427539,-3.3137831357210676,-1.2820171081222722,0.0,0.0,0.0,0.0,0.0,0.0,0.0,0.0,0.0,0.0,0.0,0.0,0.0,0.0,0.0,0.0,0.0,0.0,0.0,0.0,0.0,0.0,0.0,0.0,0.0,0.0,0.0,0.0,0.0,0.0,0.0,0.0,0.0,0.0,0.0,0.0,0.0,0.0,0.0,0.0,0.0,0.0,0.0,0.0,0.0,0.0,0.0,0.0,0.0,0.0,0.0
GPAV,3.610568102417803,-10.645558792425252,-3.5872695512740123,-0.4880850742716901,-1.3156131697511002,-7.931326554773195,1.9674864765830813,-7.888580947767176,-3.3813526052952785,-1.5228485843542836,-2.4574106576871406,-2.5439907317828414,-0.5117010222873208,0.0,0.0,0.0,0.0,0.0,0.0,0.0,0.0,0.0,0.0,0.0,0.0,0.0,0.0,0.0,0.0,0.0,0.0,0.0,0.0,0.0,0.0,0.0,0.0,0.0,0.0,0.0,0.0,0.0,0.0,0.0,0.0,0.0,0.0,0.0,0.0,0.0,0.0,0.0,0.0,0.0,0.0,0.0,0.0,0.0,0.0,0.0,0.0,0.0,0.0,0.0
GPIN,4.310158590862495,-10.645558792425252,-3.5872695512740123,-0.4880850742716901,-1.3156131697511002,-7.931326554773195,1.9674864765830813,0.1057304078892986,-2.7665652209007816,0.27408324581529936,-2.040659773862981,6.81505543344863,-1.3662593290199059,0.0,0.0,0.0,0.0,0.0,0.0,0.0,0.0,0.0,0.0,0.0,0.0,0.0,0.0,0.0,0.0,0.0,0.0,0.0,0.0,0.0,0.0,0.0,0.0,0.0,0.0,0.0,0.0,0.0,0.0,0.0,0.0,0.0,0.0,0.0,0.0,0.0,0.0,0.0,0.0,0.0,0.0,0.0,0.0,0.0,0.0,0.0,0.0,0.0,0.0,0.0
GPAG,4.386158178123931,-10.645558792425252,-3.5872695512740123,-0.4880850742716901,-1.3156131697511002,-7.931326554773195,1.9674864765830813,-7.888580947767176,-3.3813526052952785,-1.5228485843542836,-10.685711481350559,-3.7144747087686145,-1.1966589313284235,0.0,0.0,0.0,0.0,0.0,0.0,0.0,0.0,0.0,0.0,0.0,0.0,0.0,0.0,0.0,0.0,0.0,0.0,0.0,0.0,0.0,0.0,0.0,0.0,0.0,0.0,0.0,0.0,0.0,0.0,0.0,0.0,0.0,0.0,0.0,0.0,0.0,0.0,0.0,0.0,0.0,0.0,0.0,0.0,0.0,0.0,0.0,0.0,0.0,0.0,0.0
LPIA,4.346112441929023,-0.10678091373805224,-2.9133775091756173,0.5973277946316646,-1.3156131697511002,-7.931326554773195,1.9674864765830813,0.1057304078892986,-2.7665652209007816,0.27408324581529936,-7.951190370427539,-3.3137831357210676,-1.2820171081222722,0.0,0.0,0.0,0.0,0.0,0.0,0.0,0.0,0.0,0.0,0.0,0.0,0.0,0.0,0.0,0.0,0.0,0.0,0.0,0.0,0.0,0.0,0.0,0.0,0.0,0.0,0.0,0.0,0.0,0.0,0.0,0.0,0.0,0.0,0.0,0.0,0.0,0.0,0.0,0.0,0.0,0.0,0.0,0.0,0.0,0.0,0.0,0.0,0.0,0.0,0.0
YPGE,4.388276691992658,9.331698937719244,-0.0011770848900616786,-5.966362687605359,-1.3156131697511002,-7.931326554773195,1.9674864765830813,-11.15029178739797,-4.223779703834653,-1.1931884625485811,-0.6765856012972756,7.171897016148379,-5.01869606014355,0.0,0.0,0.0,0.0,0.0,0.0,0.0,0.0,0.0,0.0,0.0,0.0,0.0,0.0,0.0,0.0,0.0,0.0,0.0,0.0,0.0,0.0,0.0,0.0,0.0,0.0,0.0,0.0,0.0,0.0,0.0,0.0,0.0,0.0,0.0,0.0,0.0,0.0,0.0,0.0,0.0,0.0,0.0,0.0,0.0,0.0,0.0,0.0,0.0,0.0,0.0
VPTP,4.409715596281838,-2.5510583608777613,-2.9906677869128226,-0.7934233883746501,-1.3156131697511002,-7.931326554773195,1.9674864765830813,-4.03133485161142,0.9106858437232062,-0.5897344275261446,-1.2741931521935563,-7.903186477926003,2.3528018408049465,0.0,0.0,0.0,0.0,0.0,0.0,0.0,0.0,0.0,0.0,0.0,0.0,0.0,0.0,0.0,0.0,0.0,0.0,0.0,0.0,0.0,0.0,0.0,0.0,0.0,0.0,0.0,0.0,0.0,0.0,0.0,0.0,0.0,0.0,0.0,0.0,0.0,0.0,0.0,0.0,0.0,0.0,0.0,0.0,0.0,0.0,0.0,0.0,0.0,0.0,0.0
IPVP,4.412625827926934,0.07703212186835602,-3.141303467359195,0.17510673142960811,-1.3156131697511002,-7.931326554773195,1.9674864765830813,-2.515917487795508,-2.592407525298537,-0.8059585498541143,-1.2741931521935563,-7.903186477926003,2.3528018408049465,0.0,0.0,0.0,0.0,0.0,0.0,0.0,0.0,0.0,0.0,0.0,0.0,0.0,0.0,0.0,0.0,0.0,0.0,0.0,0.0,0.0,0.0,0.0,0.0,0.0,0.0,0.0,0.0,0.0,0.0,0.0,0.0,0.0,0.0,0.0,0.0,0.0,0.0,0.0,0.0,0.0,0.0,0.0,0.0,0.0,0.0,0.0,0.0,0.0,0.0,0.0
APIT,4.459295216689238,-7.741434771697623,-3.4844618748942513,-1.1478765775462745,-1.3156131697511002,-7.931326554773195,1.9674864765830813,0.1057304078892986,-2.7665652209007816,0.27408324581529936,-4.486670090543148,0.4362909527054591,-0.2025045312276781,0.0,0.0,0.0,0.0,0.0,0.0,0.0,0.0,0.0,0.0,0.0,0.0,0.0,0.0,0.0,0.0,0.0,0.0,0.0,0.0,0.0,0.0,0.0,0.0,0.0,0.0,0.0,0.0,0.0,0.0,0.0,0.0,0.0,0.0,0.0,0.0,0.0,0.0,0.0,0.0,0.0,0.0,0.0,0.0,0.0,0.0,0.0,0.0,0.0,0.0,0.0
GGGW,2.563837352959244,-10.645558792425252,-3.5872695512740123,-0.4880850742716901,-11.15029178739797,-4.223779703834653,-1.1931884625485811,-11.15029178739797,-4.223779703834653,-1.1931884625485811,16.20332566670491,-4.044775529813907,-2.677643490086634,0.0,0.0,0.0,0.0,0.0,0.0,0.0,0.0,0.0,0.0,0.0,0.0,0.0,0.0,0.0,0.0,0.0,0.0,0.0,0.0,0.0,0.0,0.0,0.0,0.0,0.0,0.0,0.0,0.0,0.0,0.0,0.0,0.0,0.0,0.0,0.0,0.0,0.0,0.0,0.0,0.0,0.0,0.0,0.0,0.0,0.0,0.0,0.0,0.0,0.0,0.0
GPAE,4.304518323509803,-10.645558792425252,-3.5872695512740123,-0.4880850742716901,-1.3156131697511002,-7.931326554773195,1.9674864765830813,-7.888580947767176,-3.3813526052952785,-1.5228485843542836,-0.6765856012972756,7.171897016148379,-5.01869606014355,0.0,0.0,0.0,0.0,0.0,0.0,0.0,0.0,0.0,0.0,0.0,0.0,0.0,0.0,0.0,0.0,0.0,0.0,0.0,0.0,0.0,0.0,0.0,0.0,0.0,0.0,0.0,0.0,0.0,0.0,0.0,0.0,0.0,0.0,0.0,0.0,0.0,0.0,0.0,0.0,0.0,0.0,0.0,0.0,0.0,0.0,0.0,0.0,0.0,0.0,0.0
FAMD,3.11069829749369,6.978579294175709,-3.8228806729060114,-3.482869723763835,-7.888580947767176,-3.3813526052952785,-1.5228485843542836,-0.18682927041109645,-3.2829587769034436,3.9086083048821028,-3.255156372398889,7.385505239032352,-5.84676748818003,0.0,0.0,0.0,0.0,0.0,0.0,0.0,0.0,0.0,0.0,0.0,0.0,0.0,0.0,0.0,0.0,0.0,0.0,0.0,0.0,0.0,0.0,0.0,0.0,0.0,0.0,0.0,0.0,0.0,0.0,0.0,0.0,0.0,0.0,0.0,0.0,0.0,0.0,0.0,0.0,0.0,0.0,0.0,0.0,0.0,0.0,0.0,0.0,0.0,0.0,0.0
DPLV,3.156144577376839,-3.286089916841715,7.801744427647028,-4.882900720397639,-1.3156131697511002,-7.931326554773195,1.9674864765830813,-0.22504118341152568,-2.5685731884578145,0.6339679606587475,-2.4574106576871406,-2.5439907317828414,-0.5117010222873208,0.0,0.0,0.0,0.0,0.0,0.0,0.0,0.0,0.0,0.0,0.0,0.0,0.0,0.0,0.0,0.0,0.0,0.0,0.0,0.0,0.0,0.0,0.0,0.0,0.0,0.0,0.0,0.0,0.0,0.0,0.0,0.0,0.0,0.0,0.0,0.0,0.0,0.0,0.0,0.0,0.0,0.0,0.0,0.0,0.0,0.0,0.0,0.0,0.0,0.0,0.0
VPIP,4.262092076625361,-2.5510583608777613,-2.9906677869128226,-0.7934233883746501,-1.3156131697511002,-7.931326554773195,1.9674864765830813,0.1057304078892986,-2.7665652209007816,0.27408324581529936,-1.2741931521935563,-7.903186477926003,2.3528018408049465,0.0,0.0,0.0,0.0,0.0,0.0,0.0,0.0,0.0,0.0,0.0,0.0,0.0,0.0,0.0,0.0,0.0,0.0,0.0,0.0,0.0,0.0,0.0,0.0,0.0,0.0,0.0,0.0,0.0,0.0,0.0,0.0,0.0,0.0,0.0,0.0,0.0,0.0,0.0,0.0,0.0,0.0,0.0,0.0,0.0,0.0,0.0,0.0,0.0,0.0,0.0
WIQP,3.624702261782661,16.498562441115332,-3.398098513437103,-1.8214941954545734,0.1057304078892986,-2.7665652209007816,0.27408324581529936,0.174879605921553,6.401164410159236,-0.9888762374546113,-1.2741931521935563,-7.903186477926003,2.3528018408049465,0.0,0.0,0.0,0.0,0.0,0.0,0.0,0.0,0.0,0.0,0.0,0.0,0.0,0.0,0.0,0.0,0.0,0.0,0.0,0.0,0.0,0.0,0.0,0.0,0.0,0.0,0.0,0.0,0.0,0.0,0.0,0.0,0.0,0.0,0.0,0.0,0.0,0.0,0.0,0.0,0.0,0.0,0.0,0.0,0.0,0.0,0.0,0.0,0.0,0.0,0.0
YPYY,3.82564940252062,9.331698937719244,-0.0011770848900616786,-5.966362687605359,-1.3156131697511002,-7.931326554773195,1.9674864765830813,9.448530571354771,-0.2980922496208526,-5.99716656326339,9.525620532168743,-1.076669160577019,-4.998800300485264,0.0,0.0,0.0,0.0,0.0,0.0,0.0,0.0,0.0,0.0,0.0,0.0,0.0,0.0,0.0,0.0,0.0,0.0,0.0,0.0,0.0,0.0,0.0,0.0,0.0,0.0,0.0,0.0,0.0,0.0,0.0,0.0,0.0,0.0,0.0,0.0,0.0,0.0,0.0,0.0,0.0,0.0,0.0,0.0,0.0,0.0,0.0,0.0,0.0,0.0,0.0
ILAP,4.36251027048749,0.07703212186835602,-3.141303467359195,0.17510673142960811,-0.22504118341152568,-2.5685731884578145,0.6339679606587475,-7.888580947767176,-3.3813526052952785,-1.5228485843542836,-1.2741931521935563,-7.903186477926003,2.3528018408049465,0.0,0.0,0.0,0.0,0.0,0.0,0.0,0.0,0.0,0.0,0.0,0.0,0.0,0.0,0.0,0.0,0.0,0.0,0.0,0.0,0.0,0.0,0.0,0.0,0.0,0.0,0.0,0.0,0.0,0.0,0.0,0.0,0.0,0.0,0.0,0.0,0.0,0.0,0.0,0.0,0.0,0.0,0.0,0.0,0.0,0.0,0.0,0.0,0.0,0.0,0.0
LLAP,4.270268404712965,-0.10678091373805224,-2.9133775091756173,0.5973277946316646,-0.22504118341152568,-2.5685731884578145,0.6339679606587475,-7.888580947767176,-3.3813526052952785,-1.5228485843542836,-1.2741931521935563,-7.903186477926003,2.3528018408049465,0.0,0.0,0.0,0.0,0.0,0.0,0.0,0.0,0.0,0.0,0.0,0.0,0.0,0.0,0.0,0.0,0.0,0.0,0.0,0.0,0.0,0.0,0.0,0.0,0.0,0.0,0.0,0.0,0.0,0.0,0.0,0.0,0.0,0.0,0.0,0.0,0.0,0.0,0.0,0.0,0.0,0.0,0.0,0.0,0.0,0.0,0.0,0.0,0.0,0.0,0.0
GPGE,4.304518323509803,-10.645558792425252,-3.5872695512740123,-0.4880850742716901,-1.3156131697511002,-7.931326554773195,1.9674864765830813,-11.15029178739797,-4.223779703834653,-1.1931884625485811,-0.6765856012972756,7.171897016148379,-5.01869606014355,0.0,0.0,0.0,0.0,0.0,0.0,0.0,0.0,0.0,0.0,0.0,0.0,0.0,0.0,0.0,0.0,0.0,0.0,0.0,0.0,0.0,0.0,0.0,0.0,0.0,0.0,0.0,0.0,0.0,0.0,0.0,0.0,0.0,0.0,0.0,0.0,0.0,0.0,0.0,0.0,0.0,0.0,0.0,0.0,0.0,0.0,0.0,0.0,0.0,0.0,0.0
GPGA,4.377785977033705,-10.645558792425252,-3.5872695512740123,-0.4880850742716901,-1.3156131697511002,-7.931326554773195,1.9674864765830813,-11.15029178739797,-4.223779703834653,-1.1931884625485811,-7.951190370427539,-3.3137831357210676,-1.2820171081222722,0.0,0.0,0.0,0.0,0.0,0.0,0.0,0.0,0.0,0.0,0.0,0.0,0.0,0.0,0.0,0.0,0.0,0.0,0.0,0.0,0.0,0.0,0.0,0.0,0.0,0.0,0.0,0.0,0.0,0.0,0.0,0.0,0.0,0.0,0.0,0.0,0.0,0.0,0.0,0.0,0.0,0.0,0.0,0.0,0.0,0.0,0.0,0.0,0.0,0.0,0.0
FLQP,4.185086818724926,6.978579294175709,-3.8228806729060114,-3.482869723763835,-0.22504118341152568,-2.5685731884578145,0.6339679606587475,0.174879605921553,6.401164410159236,-0.9888762374546113,-1.2741931521935563,-7.903186477926003,2.3528018408049465,0.0,0.0,0.0,0.0,0.0,0.0,0.0,0.0,0.0,0.0,0.0,0.0,0.0,0.0,0.0,0.0,0.0,0.0,0.0,0.0,0.0,0.0,0.0,0.0,0.0,0.0,0.0,0.0,0.0,0.0,0.0,0.0,0.0,0.0,0.0,0.0,0.0,0.0,0.0,0.0,0.0,0.0,0.0,0.0,0.0,0.0,0.0,0.0,0.0,0.0,0.0
VLGP,3.236272596234302,-2.5510583608777613,-2.9906677869128226,-0.7934233883746501,-0.22504118341152568,-2.5685731884578145,0.6339679606587475,-11.15029178739797,-4.223779703834653,-1.1931884625485811,-1.2741931521935563,-7.903186477926003,2.3528018408049465,0.0,0.0,0.0,0.0,0.0,0.0,0.0,0.0,0.0,0.0,0.0,0.0,0.0,0.0,0.0,0.0,0.0,0.0,0.0,0.0,0.0,0.0,0.0,0.0,0.0,0.0,0.0,0.0,0.0,0.0,0.0,0.0,0.0,0.0,0.0,0.0,0.0,0.0,0.0,0.0,0.0,0.0,0.0,0.0,0.0,0.0,0.0,0.0,0.0,0.0,0.0
IPQVS,4.2826624172761365,0.07703212186835602,-3.141303467359195,0.17510673142960811,-1.3156131697511002,-7.931326554773195,1.9674864765830813,0.174879605921553,6.401164410159236,-0.9888762374546113,-2.515917487795508,-2.592407525298537,-0.8059585498541143,-6.876685148243282,0.058512758952893616,0.01362093976096068,0.0,0.0,0.0,0.0,0.0,0.0,0.0,0.0,0.0,0.0,0.0,0.0,0.0,0.0,0.0,0.0,0.0,0.0,0.0,0.0,0.0,0.0,0.0,0.0,0.0,0.0,0.0,0.0,0.0,0.0,0.0,0.0,0.0,0.0,0.0,0.0,0.0,0.0,0.0,0.0,0.0,0.0,0.0,0.0,0.0,0.0,0.0,0.0
IPVDM,4.663140179083191,0.07703212186835602,-3.141303467359195,0.17510673142960811,-1.3156131697511002,-7.931326554773195,1.9674864765830813,-2.515917487795508,-2.592407525298537,-0.8059585498541143,-3.1326241322920425,8.19236862764375,-4.588035229592277,-0.19858454775604295,-3.247175377565883,3.8145984950135987,0.0,0.0,0.0,0.0,0.0,0.0,0.0,0.0,0.0,0.0,0.0,0.0,0.0,0.0,0.0,0.0,0.0,0.0,0.0,0.0,0.0,0.0,0.0,0.0,0.0,0.0,0.0,0.0,0.0,0.0,0.0,0.0,0.0,0.0,0.0,0.0,0.0,0.0,0.0,0.0,0.0,0.0,0.0,0.0,0.0,0.0,0.0,0.0
MAMPL,3.635636645384269,0.12719453204827788,-3.268268174447366,4.671549056833927,-7.888580947767176,-3.3813526052952785,-1.5228485843542836,-0.18682927041109645,-3.2829587769034436,3.9086083048821028,-1.3156131697511002,-7.931326554773195,1.9674864765830813,-0.338652952185731,-2.391725819441075,0.8688722417671073,0.0,0.0,0.0,0.0,0.0,0.0,0.0,0.0,0.0,0.0,0.0,0.0,0.0,0.0,0.0,0.0,0.0,0.0,0.0,0.0,0.0,0.0,0.0,0.0,0.0,0.0,0.0,0.0,0.0,0.0,0.0,0.0,0.0,0.0,0.0,0.0,0.0,0.0,0.0,0.0,0.0,0.0,0.0,0.0,0.0,0.0,0.0,0.0
LPVDM,4.271646217978772,-0.10678091373805224,-2.9133775091756173,0.5973277946316646,-1.3156131697511002,-7.931326554773195,1.9674864765830813,-2.515917487795508,-2.592407525298537,-0.8059585498541143,-3.1326241322920425,8.19236862764375,-4.588035229592277,-0.19858454775604295,-3.247175377565883,3.8145984950135987,0.0,0.0,0.0,0.0,0.0,0.0,0.0,0.0,0.0,0.0,0.0,0.0,0.0,0.0,0.0,0.0,0.0,0.0,0.0,0.0,0.0,0.0,0.0,0.0,0.0,0.0,0.0,0.0,0.0,0.0,0.0,0.0,0.0,0.0,0.0,0.0,0.0,0.0,0.0,0.0,0.0,0.0,0.0,0.0,0.0,0.0,0.0,0.0
LPLPL,3.4881166390211256,-0.10678091373805224,-2.9133775091756173,0.5973277946316646,-1.3156131697511002,-7.931326554773195,1.9674864765830813,-0.22504118341152568,-2.5685731884578145,0.6339679606587475,-1.3156131697511002,-7.931326554773195,1.9674864765830813,-0.338652952185731,-2.391725819441075,0.8688722417671073,0.0,0.0,0.0,0.0,0.0,0.0,0.0,0.0,0.0,0.0,0.0,0.0,0.0,0.0,0.0,0.0,0.0,0.0,0.0,0.0,0.0,0.0,0.0,0.0,0.0,0.0,0.0,0.0,0.0,0.0,0.0,0.0,0.0,0.0,0.0,0.0,0.0,0.0,0.0,0.0,0.0,0.0,0.0,0.0,0.0,0.0,0.0,0.0
LPVYD,4.289374984939203,-0.10678091373805224,-2.9133775091756173,0.5973277946316646,-1.3156131697511002,-7.931326554773195,1.9674864765830813,-2.515917487795508,-2.592407525298537,-0.8059585498541143,9.448530571354771,-0.2980922496208526,-5.99716656326339,-3.255156372398889,7.385505239032352,-5.84676748818003,0.0,0.0,0.0,0.0,0.0,0.0,0.0,0.0,0.0,0.0,0.0,0.0,0.0,0.0,0.0,0.0,0.0,0.0,0.0,0.0,0.0,0.0,0.0,0.0,0.0,0.0,0.0,0.0,0.0,0.0,0.0,0.0,0.0,0.0,0.0,0.0,0.0,0.0,0.0,0.0,0.0,0.0,0.0,0.0,0.0,0.0,0.0,0.0
LPYPY,3.96537154337468,-0.10678091373805224,-2.9133775091756173,0.5973277946316646,-1.3156131697511002,-7.931326554773195,1.9674864765830813,9.448530571354771,-0.2980922496208526,-5.99716656326339,-1.3156131697511002,-7.931326554773195,1.9674864765830813,9.525620532168743,-1.076669160577019,-4.998800300485264,0.0,0.0,0.0,0.0,0.0,0.0,0.0,0.0,0.0,0.0,0.0,0.0,0.0,0.0,0.0,0.0,0.0,0.0,0.0,0.0,0.0,0.0,0.0,0.0,0.0,0.0,0.0,0.0,0.0,0.0,0.0,0.0,0.0,0.0,0.0,0.0,0.0,0.0,0.0,0.0,0.0,0.0,0.0,0.0,0.0,0.0,0.0,0.0
IPIQY,4.453457336521869,0.07703212186835602,-3.141303467359195,0.17510673142960811,-1.3156131697511002,-7.931326554773195,1.9674864765830813,0.1057304078892986,-2.7665652209007816,0.27408324581529936,0.174879605921553,6.401164410159236,-0.9888762374546113,9.525620532168743,-1.076669160577019,-4.998800300485264,0.0,0.0,0.0,0.0,0.0,0.0,0.0,0.0,0.0,0.0,0.0,0.0,0.0,0.0,0.0,0.0,0.0,0.0,0.0,0.0,0.0,0.0,0.0,0.0,0.0,0.0,0.0,0.0,0.0,0.0,0.0,0.0,0.0,0.0,0.0,0.0,0.0,0.0,0.0,0.0,0.0,0.0,0.0,0.0,0.0,0.0,0.0,0.0
IPYWT,4.737786294523583,0.07703212186835602,-3.141303467359195,0.17510673142960811,-1.3156131697511002,-7.931326554773195,1.9674864765830813,9.448530571354771,-0.2980922496208526,-5.99716656326339,16.230864838790954,-3.8660493940725864,-2.2177366550300897,-4.486670090543148,0.4362909527054591,-0.2025045312276781,0.0,0.0,0.0,0.0,0.0,0.0,0.0,0.0,0.0,0.0,0.0,0.0,0.0,0.0,0.0,0.0,0.0,0.0,0.0,0.0,0.0,0.0,0.0,0.0,0.0,0.0,0.0,0.0,0.0,0.0,0.0,0.0,0.0,0.0,0.0,0.0,0.0,0.0,0.0,0.0,0.0,0.0,0.0,0.0,0.0,0.0,0.0,0.0
LPNYN,4.088203409562748,-0.10678091373805224,-2.9133775091756173,0.5973277946316646,-1.3156131697511002,-7.931326554773195,1.9674864765830813,-2.3581602454561637,6.0951929354292105,-1.4253202660342736,9.448530571354771,-0.2980922496208526,-5.99716656326339,-2.040659773862981,6.81505543344863,-1.3662593290199059,0.0,0.0,0.0,0.0,0.0,0.0,0.0,0.0,0.0,0.0,0.0,0.0,0.0,0.0,0.0,0.0,0.0,0.0,0.0,0.0,0.0,0.0,0.0,0.0,0.0,0.0,0.0,0.0,0.0,0.0,0.0,0.0,0.0,0.0,0.0,0.0,0.0,0.0,0.0,0.0,0.0,0.0,0.0,0.0,0.0,0.0,0.0,0.0
APLER,4.196065150136159,-7.741434771697623,-3.4844618748942513,-1.1478765775462745,-1.3156131697511002,-7.931326554773195,1.9674864765830813,-0.22504118341152568,-2.5685731884578145,0.6339679606587475,-0.6822272928605991,7.9604841673393425,-3.7513607304846848,5.574236692330567,8.469502039131621,11.106192083688962,0.0,0.0,0.0,0.0,0.0,0.0,0.0,0.0,0.0,0.0,0.0,0.0,0.0,0.0,0.0,0.0,0.0,0.0,0.0,0.0,0.0,0.0,0.0,0.0,0.0,0.0,0.0,0.0,0.0,0.0,0.0,0.0,0.0,0.0,0.0,0.0,0.0,0.0,0.0,0.0,0.0,0.0,0.0,0.0,0.0,0.0,0.0,0.0
VPYPQ,4.382475465113708,-2.5510583608777613,-2.9906677869128226,-0.7934233883746501,-1.3156131697511002,-7.931326554773195,1.9674864765830813,9.448530571354771,-0.2980922496208526,-5.99716656326339,-1.3156131697511002,-7.931326554773195,1.9674864765830813,0.5043269910285714,7.125206332903636,-0.9510923610468568,0.0,0.0,0.0,0.0,0.0,0.0,0.0,0.0,0.0,0.0,0.0,0.0,0.0,0.0,0.0,0.0,0.0,0.0,0.0,0.0,0.0,0.0,0.0,0.0,0.0,0.0,0.0,0.0,0.0,0.0,0.0,0.0,0.0,0.0,0.0,0.0,0.0,0.0,0.0,0.0,0.0,0.0,0.0,0.0,0.0,0.0,0.0,0.0
VPLVM,4.001391970684906,-2.5510583608777613,-2.9906677869128226,-0.7934233883746501,-1.3156131697511002,-7.931326554773195,1.9674864765830813,-0.22504118341152568,-2.5685731884578145,0.6339679606587475,-2.515917487795508,-2.592407525298537,-0.8059585498541143,-0.19858454775604295,-3.247175377565883,3.8145984950135987,0.0,0.0,0.0,0.0,0.0,0.0,0.0,0.0,0.0,0.0,0.0,0.0,0.0,0.0,0.0,0.0,0.0,0.0,0.0,0.0,0.0,0.0,0.0,0.0,0.0,0.0,0.0,0.0,0.0,0.0,0.0,0.0,0.0,0.0,0.0,0.0,0.0,0.0,0.0,0.0,0.0,0.0,0.0,0.0,0.0,0.0,0.0,0.0
FNPTY,4.205372555335492,6.978579294175709,-3.8228806729060114,-3.482869723763835,-2.3581602454561637,6.0951929354292105,-1.4253202660342736,-1.3156131697511002,-7.931326554773195,1.9674864765830813,-4.03133485161142,0.9106858437232062,-0.5897344275261446,9.525620532168743,-1.076669160577019,-4.998800300485264,0.0,0.0,0.0,0.0,0.0,0.0,0.0,0.0,0.0,0.0,0.0,0.0,0.0,0.0,0.0,0.0,0.0,0.0,0.0,0.0,0.0,0.0,0.0,0.0,0.0,0.0,0.0,0.0,0.0,0.0,0.0,0.0,0.0,0.0,0.0,0.0,0.0,0.0,0.0,0.0,0.0,0.0,0.0,0.0,0.0,0.0,0.0,0.0
AAATP,2.1890957193312994,-7.741434771697623,-3.4844618748942513,-1.1478765775462745,-7.888580947767176,-3.3813526052952785,-1.5228485843542836,-7.888580947767176,-3.3813526052952785,-1.5228485843542836,-4.03133485161142,0.9106858437232062,-0.5897344275261446,-1.2741931521935563,-7.903186477926003,2.3528018408049465,0.0,0.0,0.0,0.0,0.0,0.0,0.0,0.0,0.0,0.0,0.0,0.0,0.0,0.0,0.0,0.0,0.0,0.0,0.0,0.0,0.0,0.0,0.0,0.0,0.0,0.0,0.0,0.0,0.0,0.0,0.0,0.0,0.0,0.0,0.0,0.0,0.0,0.0,0.0,0.0,0.0,0.0,0.0,0.0,0.0,0.0,0.0,0.0
IPAVF,4.349692476868063,0.07703212186835602,-3.141303467359195,0.17510673142960811,-1.3156131697511002,-7.931326554773195,1.9674864765830813,-7.888580947767176,-3.3813526052952785,-1.5228485843542836,-2.515917487795508,-2.592407525298537,-0.8059585498541143,6.725212596781336,-3.8652350867287826,-3.185850790783945,0.0,0.0,0.0,0.0,0.0,0.0,0.0,0.0,0.0,0.0,0.0,0.0,0.0,0.0,0.0,0.0,0.0,0.0,0.0,0.0,0.0,0.0,0.0,0.0,0.0,0.0,0.0,0.0,0.0,0.0,0.0,0.0,0.0,0.0,0.0,0.0,0.0,0.0,0.0,0.0,0.0,0.0,0.0,0.0,0.0,0.0,0.0,0.0
APFPE,4.305394801066432,-7.741434771697623,-3.4844618748942513,-1.1478765775462745,-1.3156131697511002,-7.931326554773195,1.9674864765830813,6.842454993941108,-3.8084801726378488,-3.5830356249643267,-1.3156131697511002,-7.931326554773195,1.9674864765830813,-0.6765856012972756,7.171897016148379,-5.01869606014355,0.0,0.0,0.0,0.0,0.0,0.0,0.0,0.0,0.0,0.0,0.0,0.0,0.0,0.0,0.0,0.0,0.0,0.0,0.0,0.0,0.0,0.0,0.0,0.0,0.0,0.0,0.0,0.0,0.0,0.0,0.0,0.0,0.0,0.0,0.0,0.0,0.0,0.0,0.0,0.0,0.0,0.0,0.0,0.0,0.0,0.0,0.0,0.0
AAAAG,2.089909454405932,-7.741434771697623,-3.4844618748942513,-1.1478765775462745,-7.888580947767176,-3.3813526052952785,-1.5228485843542836,-7.888580947767176,-3.3813526052952785,-1.5228485843542836,-7.888580947767176,-3.3813526052952785,-1.5228485843542836,-10.685711481350559,-3.7144747087686145,-1.1966589313284235,0.0,0.0,0.0,0.0,0.0,0.0,0.0,0.0,0.0,0.0,0.0,0.0,0.0,0.0,0.0,0.0,0.0,0.0,0.0,0.0,0.0,0.0,0.0,0.0,0.0,0.0,0.0,0.0,0.0,0.0,0.0,0.0,0.0,0.0,0.0,0.0,0.0,0.0,0.0,0.0,0.0,0.0,0.0,0.0,0.0,0.0,0.0,0.0
IADMFP,3.594892798180909,0.07703212186835602,-3.141303467359195,0.17510673142960811,-7.888580947767176,-3.3813526052952785,-1.5228485843542836,-3.1326241322920425,8.19236862764375,-4.588035229592277,-0.18682927041109645,-3.2829587769034436,3.9086083048821028,6.842454993941108,-3.8084801726378488,-3.5830356249643267,-1.2741931521935563,-7.903186477926003,2.3528018408049465,0.0,0.0,0.0,0.0,0.0,0.0,0.0,0.0,0.0,0.0,0.0,0.0,0.0,0.0,0.0,0.0,0.0,0.0,0.0,0.0,0.0,0.0,0.0,0.0,0.0,0.0,0.0,0.0,0.0,0.0,0.0,0.0,0.0,0.0,0.0,0.0,0.0,0.0,0.0,0.0,0.0,0.0,0.0,0.0,0.0
VPITPT,3.886056647693163,-2.5510583608777613,-2.9906677869128226,-0.7934233883746501,-1.3156131697511002,-7.931326554773195,1.9674864765830813,0.1057304078892986,-2.7665652209007816,0.27408324581529936,-4.03133485161142,0.9106858437232062,-0.5897344275261446,-1.3156131697511002,-7.931326554773195,1.9674864765830813,-4.486670090543148,0.4362909527054591,-0.2025045312276781,0.0,0.0,0.0,0.0,0.0,0.0,0.0,0.0,0.0,0.0,0.0,0.0,0.0,0.0,0.0,0.0,0.0,0.0,0.0,0.0,0.0,0.0,0.0,0.0,0.0,0.0,0.0,0.0,0.0,0.0,0.0,0.0,0.0,0.0,0.0,0.0,0.0,0.0,0.0,0.0,0.0,0.0,0.0,0.0,0.0
YPVEPF,3.904133546521457,9.331698937719244,-0.0011770848900616786,-5.966362687605359,-1.3156131697511002,-7.931326554773195,1.9674864765830813,-2.515917487795508,-2.592407525298537,-0.8059585498541143,-0.6822272928605991,7.9604841673393425,-3.7513607304846848,-1.3156131697511002,-7.931326554773195,1.9674864765830813,6.725212596781336,-3.8652350867287826,-3.185850790783945,0.0,0.0,0.0,0.0,0.0,0.0,0.0,0.0,0.0,0.0,0.0,0.0,0.0,0.0,0.0,0.0,0.0,0.0,0.0,0.0,0.0,0.0,0.0,0.0,0.0,0.0,0.0,0.0,0.0,0.0,0.0,0.0,0.0,0.0,0.0,0.0,0.0,0.0,0.0,0.0,0.0,0.0,0.0,0.0,0.0
IPAVFK,3.844663962534938,0.07703212186835602,-3.141303467359195,0.17510673142960811,-1.3156131697511002,-7.931326554773195,1.9674864765830813,-7.888580947767176,-3.3813526052952785,-1.5228485843542836,-2.515917487795508,-2.592407525298537,-0.8059585498541143,6.842454993941108,-3.8084801726378488,-3.5830356249643267,1.8071806263235894,1.2060514407762732,4.529994958666976,0.0,0.0,0.0,0.0,0.0,0.0,0.0,0.0,0.0,0.0,0.0,0.0,0.0,0.0,0.0,0.0,0.0,0.0,0.0,0.0,0.0,0.0,0.0,0.0,0.0,0.0,0.0,0.0,0.0,0.0,0.0,0.0,0.0,0.0,0.0,0.0,0.0,0.0,0.0,0.0,0.0,0.0,0.0,0.0,0.0
LPIIDI,3.976994602750065,-0.10678091373805224,-2.9133775091756173,0.5973277946316646,-1.3156131697511002,-7.931326554773195,1.9674864765830813,0.1057304078892986,-2.7665652209007816,0.27408324581529936,0.1057304078892986,-2.7665652209007816,0.27408324581529936,-3.1326241322920425,8.19236862764375,-4.588035229592277,0.13193199711954567,-2.7381532785912532,0.5480683111438396,0.0,0.0,0.0,0.0,0.0,0.0,0.0,0.0,0.0,0.0,0.0,0.0,0.0,0.0,0.0,0.0,0.0,0.0,0.0,0.0,0.0,0.0,0.0,0.0,0.0,0.0,0.0,0.0,0.0,0.0,0.0,0.0,0.0,0.0,0.0,0.0,0.0,0.0,0.0,0.0,0.0,0.0,0.0,0.0,0.0
HPINHR,3.3446694419906597,5.724318202042352,-0.6433587431353747,2.8456866346066443,-1.3156131697511002,-7.931326554773195,1.9674864765830813,0.1057304078892986,-2.7665652209007816,0.27408324581529936,-2.3581602454561637,6.0951929354292105,-1.4253202660342736,5.436924791965744,-1.1618887769861461,2.0669477526273567,5.574236692330567,8.469502039131621,11.106192083688962,0.0,0.0,0.0,0.0,0.0,0.0,0.0,0.0,0.0,0.0,0.0,0.0,0.0,0.0,0.0,0.0,0.0,0.0,0.0,0.0,0.0,0.0,0.0,0.0,0.0,0.0,0.0,0.0,0.0,0.0,0.0,0.0,0.0,0.0,0.0,0.0,0.0,0.0,0.0,0.0,0.0,0.0,0.0,0.0,0.0
MAMPLW,3.993106292052099,0.12719453204827788,-3.268268174447366,4.671549056833927,-7.888580947767176,-3.3813526052952785,-1.5228485843542836,-0.18682927041109645,-3.2829587769034436,3.9086083048821028,-1.3156131697511002,-7.931326554773195,1.9674864765830813,-0.22504118341152568,-2.5685731884578145,0.6339679606587475,16.20332566670491,-4.044775529813907,-2.677643490086634,0.0,0.0,0.0,0.0,0.0,0.0,0.0,0.0,0.0,0.0,0.0,0.0,0.0,0.0,0.0,0.0,0.0,0.0,0.0,0.0,0.0,0.0,0.0,0.0,0.0,0.0,0.0,0.0,0.0,0.0,0.0,0.0,0.0,0.0,0.0,0.0,0.0,0.0,0.0,0.0,0.0,0.0,0.0,0.0,0.0
VAGTWY,3.7594507517174,-2.5510583608777613,-2.9906677869128226,-0.7934233883746501,-7.888580947767176,-3.3813526052952785,-1.5228485843542836,-11.15029178739797,-4.223779703834653,-1.1931884625485811,-4.03133485161142,0.9106858437232062,-0.5897344275261446,16.230864838790954,-3.8660493940725864,-2.2177366550300897,9.525620532168743,-1.076669160577019,-4.998800300485264,0.0,0.0,0.0,0.0,0.0,0.0,0.0,0.0,0.0,0.0,0.0,0.0,0.0,0.0,0.0,0.0,0.0,0.0,0.0,0.0,0.0,0.0,0.0,0.0,0.0,0.0,0.0,0.0,0.0,0.0,0.0,0.0,0.0,0.0,0.0,0.0,0.0,0.0,0.0,0.0,0.0,0.0,0.0,0.0,0.0
IPYWTY,4.95703092660682,0.07703212186835602,-3.141303467359195,0.17510673142960811,-1.3156131697511002,-7.931326554773195,1.9674864765830813,9.448530571354771,-0.2980922496208526,-5.99716656326339,16.230864838790954,-3.8660493940725864,-2.2177366550300897,-4.03133485161142,0.9106858437232062,-0.5897344275261446,9.525620532168743,-1.076669160577019,-4.998800300485264,0.0,0.0,0.0,0.0,0.0,0.0,0.0,0.0,0.0,0.0,0.0,0.0,0.0,0.0,0.0,0.0,0.0,0.0,0.0,0.0,0.0,0.0,0.0,0.0,0.0,0.0,0.0,0.0,0.0,0.0,0.0,0.0,0.0,0.0,0.0,0.0,0.0,0.0,0.0,0.0,0.0,0.0,0.0,0.0,0.0
LAFPGSS,4.058836539841527,-0.10678091373805224,-2.9133775091756173,0.5973277946316646,-7.888580947767176,-3.3813526052952785,-1.5228485843542836,6.842454993941108,-3.8084801726378488,-3.5830356249643267,-1.3156131697511002,-7.931326554773195,1.9674864765830813,-11.15029178739797,-4.223779703834653,-1.1931884625485811,-6.482451795840726,0.5422090734250031,-0.33089271794259767,-6.876685148243282,0.058512758952893616,0.01362093976096068,0.0,0.0,0.0,0.0,0.0,0.0,0.0,0.0,0.0,0.0,0.0,0.0,0.0,0.0,0.0,0.0,0.0,0.0,0.0,0.0,0.0,0.0,0.0,0.0,0.0,0.0,0.0,0.0,0.0,0.0,0.0,0.0,0.0,0.0,0.0,0.0,0.0,0.0,0.0,0.0,0.0,0.0
FPGPIPD,3.5850266520291822,6.978579294175709,-3.8228806729060114,-3.482869723763835,-1.3156131697511002,-7.931326554773195,1.9674864765830813,-11.15029178739797,-4.223779703834653,-1.1931884625485811,-1.3156131697511002,-7.931326554773195,1.9674864765830813,0.1057304078892986,-2.7665652209007816,0.27408324581529936,-1.3156131697511002,-7.931326554773195,1.9674864765830813,-3.255156372398889,7.385505239032352,-5.84676748818003,0.0,0.0,0.0,0.0,0.0,0.0,0.0,0.0,0.0,0.0,0.0,0.0,0.0,0.0,0.0,0.0,0.0,0.0,0.0,0.0,0.0,0.0,0.0,0.0,0.0,0.0,0.0,0.0,0.0,0.0,0.0,0.0,0.0,0.0,0.0,0.0,0.0,0.0,0.0,0.0,0.0,0.0
PGVLPVA,3.406713932979543,-1.5371628851710246,-7.571868322356164,0.1884437256385068,-11.15029178739797,-4.223779703834653,-1.1931884625485811,-2.515917487795508,-2.592407525298537,-0.8059585498541143,-0.22504118341152568,-2.5685731884578145,0.6339679606587475,-1.3156131697511002,-7.931326554773195,1.9674864765830813,-2.515917487795508,-2.592407525298537,-0.8059585498541143,-7.951190370427539,-3.3137831357210676,-1.2820171081222722,0.0,0.0,0.0,0.0,0.0,0.0,0.0,0.0,0.0,0.0,0.0,0.0,0.0,0.0,0.0,0.0,0.0,0.0,0.0,0.0,0.0,0.0,0.0,0.0,0.0,0.0,0.0,0.0,0.0,0.0,0.0,0.0,0.0,0.0,0.0,0.0,0.0,0.0,0.0,0.0,0.0,0.0
APGPAGP,3.976994602750065,-7.741434771697623,-3.4844618748942513,-1.1478765775462745,-1.3156131697511002,-7.931326554773195,1.9674864765830813,-11.15029178739797,-4.223779703834653,-1.1931884625485811,-1.3156131697511002,-7.931326554773195,1.9674864765830813,-7.888580947767176,-3.3813526052952785,-1.5228485843542836,-11.15029178739797,-4.223779703834653,-1.1931884625485811,-1.2741931521935563,-7.903186477926003,2.3528018408049465,0.0,0.0,0.0,0.0,0.0,0.0,0.0,0.0,0.0,0.0,0.0,0.0,0.0,0.0,0.0,0.0,0.0,0.0,0.0,0.0,0.0,0.0,0.0,0.0,0.0,0.0,0.0,0.0,0.0,0.0,0.0,0.0,0.0,0.0,0.0,0.0,0.0,0.0,0.0,0.0,0.0,0.0
GIPLPLI,5.416801226031377,-10.645558792425252,-3.5872695512740123,-0.4880850742716901,0.1057304078892986,-2.7665652209007816,0.27408324581529936,-1.3156131697511002,-7.931326554773195,1.9674864765830813,-0.22504118341152568,-2.5685731884578145,0.6339679606587475,-1.3156131697511002,-7.931326554773195,1.9674864765830813,-0.22504118341152568,-2.5685731884578145,0.6339679606587475,0.13193199711954567,-2.7381532785912532,0.5480683111438396,0.0,0.0,0.0,0.0,0.0,0.0,0.0,0.0,0.0,0.0,0.0,0.0,0.0,0.0,0.0,0.0,0.0,0.0,0.0,0.0,0.0,0.0,0.0,0.0,0.0,0.0,0.0,0.0,0.0,0.0,0.0,0.0,0.0,0.0,0.0,0.0,0.0,0.0,0.0,0.0,0.0,0.0
PGPIHDS,3.0,-1.5371628851710246,-7.571868322356164,0.1884437256385068,-11.15029178739797,-4.223779703834653,-1.1931884625485811,-1.3156131697511002,-7.931326554773195,1.9674864765830813,0.1057304078892986,-2.7665652209007816,0.27408324581529936,5.436924791965744,-1.1618887769861461,2.0669477526273567,-3.1326241322920425,8.19236862764375,-4.588035229592277,-6.876685148243282,0.058512758952893616,0.01362093976096068,0.0,0.0,0.0,0.0,0.0,0.0,0.0,0.0,0.0,0.0,0.0,0.0,0.0,0.0,0.0,0.0,0.0,0.0,0.0,0.0,0.0,0.0,0.0,0.0,0.0,0.0,0.0,0.0,0.0,0.0,0.0,0.0,0.0,0.0,0.0,0.0,0.0,0.0,0.0,0.0,0.0,0.0
YLYSPAY,3.742321425130816,9.331698937719244,-0.0011770848900616786,-5.966362687605359,-0.22504118341152568,-2.5685731884578145,0.6339679606587475,9.448530571354771,-0.2980922496208526,-5.99716656326339,-6.482451795840726,0.5422090734250031,-0.33089271794259767,-1.3156131697511002,-7.931326554773195,1.9674864765830813,-7.888580947767176,-3.3813526052952785,-1.5228485843542836,9.525620532168743,-1.076669160577019,-4.998800300485264,0.0,0.0,0.0,0.0,0.0,0.0,0.0,0.0,0.0,0.0,0.0,0.0,0.0,0.0,0.0,0.0,0.0,0.0,0.0,0.0,0.0,0.0,0.0,0.0,0.0,0.0,0.0,0.0,0.0,0.0,0.0,0.0,0.0,0.0,0.0,0.0,0.0,0.0,0.0,0.0,0.0,0.0
PQNIPPL,2.8239087409443187,-1.5371628851710246,-7.571868322356164,0.1884437256385068,0.174879605921553,6.401164410159236,-0.9888762374546113,-2.3581602454561637,6.0951929354292105,-1.4253202660342736,0.1057304078892986,-2.7665652209007816,0.27408324581529936,-1.3156131697511002,-7.931326554773195,1.9674864765830813,-1.3156131697511002,-7.931326554773195,1.9674864765830813,-0.338652952185731,-2.391725819441075,0.8688722417671073,0.0,0.0,0.0,0.0,0.0,0.0,0.0,0.0,0.0,0.0,0.0,0.0,0.0,0.0,0.0,0.0,0.0,0.0,0.0,0.0,0.0,0.0,0.0,0.0,0.0,0.0,0.0,0.0,0.0,0.0,0.0,0.0,0.0,0.0,0.0,0.0,0.0,0.0,0.0,0.0,0.0,0.0
MAGVDHI,3.7975934273606207,0.12719453204827788,-3.268268174447366,4.671549056833927,-7.888580947767176,-3.3813526052952785,-1.5228485843542836,-11.15029178739797,-4.223779703834653,-1.1931884625485811,-2.515917487795508,-2.592407525298537,-0.8059585498541143,-3.1326241322920425,8.19236862764375,-4.588035229592277,5.436924791965744,-1.1618887769861461,2.0669477526273567,0.13193199711954567,-2.7381532785912532,0.5480683111438396,0.0,0.0,0.0,0.0,0.0,0.0,0.0,0.0,0.0,0.0,0.0,0.0,0.0,0.0,0.0,0.0,0.0,0.0,0.0,0.0,0.0,0.0,0.0,0.0,0.0,0.0,0.0,0.0,0.0,0.0,0.0,0.0,0.0,0.0,0.0,0.0,0.0,0.0,0.0,0.0,0.0,0.0
LPQNIPP,3.795880017344075,-0.10678091373805224,-2.9133775091756173,0.5973277946316646,-1.3156131697511002,-7.931326554773195,1.9674864765830813,0.174879605921553,6.401164410159236,-0.9888762374546113,-2.3581602454561637,6.0951929354292105,-1.4253202660342736,0.1057304078892986,-2.7665652209007816,0.27408324581529936,-1.3156131697511002,-7.931326554773195,1.9674864765830813,-1.2741931521935563,-7.903186477926003,2.3528018408049465,0.0,0.0,0.0,0.0,0.0,0.0,0.0,0.0,0.0,0.0,0.0,0.0,0.0,0.0,0.0,0.0,0.0,0.0,0.0,0.0,0.0,0.0,0.0,0.0,0.0,0.0,0.0,0.0,0.0,0.0,0.0,0.0,0.0,0.0,0.0,0.0,0.0,0.0,0.0,0.0,0.0,0.0
YPVEPFT,3.755228238504705,9.331698937719244,-0.0011770848900616786,-5.966362687605359,-1.3156131697511002,-7.931326554773195,1.9674864765830813,-2.515917487795508,-2.592407525298537,-0.8059585498541143,-0.6822272928605991,7.9604841673393425,-3.7513607304846848,-1.3156131697511002,-7.931326554773195,1.9674864765830813,6.842454993941108,-3.8084801726378488,-3.5830356249643267,-4.486670090543148,0.4362909527054591,-0.2025045312276781,0.0,0.0,0.0,0.0,0.0,0.0,0.0,0.0,0.0,0.0,0.0,0.0,0.0,0.0,0.0,0.0,0.0,0.0,0.0,0.0,0.0,0.0,0.0,0.0,0.0,0.0,0.0,0.0,0.0,0.0,0.0,0.0,0.0,0.0,0.0,0.0,0.0,0.0,0.0,0.0,0.0,0.0
LDADGSY,4.2826624172761365,-0.10678091373805224,-2.9133775091756173,0.5973277946316646,-3.1326241322920425,8.19236862764375,-4.588035229592277,-7.888580947767176,-3.3813526052952785,-1.5228485843542836,-3.1326241322920425,8.19236862764375,-4.588035229592277,-11.15029178739797,-4.223779703834653,-1.1931884625485811,-6.482451795840726,0.5422090734250031,-0.33089271794259767,9.525620532168743,-1.076669160577019,-4.998800300485264,0.0,0.0,0.0,0.0,0.0,0.0,0.0,0.0,0.0,0.0,0.0,0.0,0.0,0.0,0.0,0.0,0.0,0.0,0.0,0.0,0.0,0.0,0.0,0.0,0.0,0.0,0.0,0.0,0.0,0.0,0.0,0.0,0.0,0.0,0.0,0.0,0.0,0.0,0.0,0.0,0.0,0.0
SPPEFLR,4.250109158728578,-6.8233005218944,0.765438203440133,-0.9301897849939443,-1.3156131697511002,-7.931326554773195,1.9674864765830813,-1.3156131697511002,-7.931326554773195,1.9674864765830813,-0.6822272928605991,7.9604841673393425,-3.7513607304846848,6.842454993941108,-3.8084801726378488,-3.5830356249643267,-0.22504118341152568,-2.5685731884578145,0.6339679606587475,5.574236692330567,8.469502039131621,11.106192083688962,0.0,0.0,0.0,0.0,0.0,0.0,0.0,0.0,0.0,0.0,0.0,0.0,0.0,0.0,0.0,0.0,0.0,0.0,0.0,0.0,0.0,0.0,0.0,0.0,0.0,0.0,0.0,0.0,0.0,0.0,0.0,0.0,0.0,0.0,0.0,0.0,0.0,0.0,0.0,0.0,0.0,0.0
VPITPTL,5.958607314841775,-2.5510583608777613,-2.9906677869128226,-0.7934233883746501,-1.3156131697511002,-7.931326554773195,1.9674864765830813,0.1057304078892986,-2.7665652209007816,0.27408324581529936,-4.03133485161142,0.9106858437232062,-0.5897344275261446,-1.3156131697511002,-7.931326554773195,1.9674864765830813,-4.03133485161142,0.9106858437232062,-0.5897344275261446,-0.338652952185731,-2.391725819441075,0.8688722417671073,0.0,0.0,0.0,0.0,0.0,0.0,0.0,0.0,0.0,0.0,0.0,0.0,0.0,0.0,0.0,0.0,0.0,0.0,0.0,0.0,0.0,0.0,0.0,0.0,0.0,0.0,0.0,0.0,0.0,0.0,0.0,0.0,0.0,0.0,0.0,0.0,0.0,0.0,0.0,0.0,0.0,0.0
FPFFEGT,3.682312659513817,6.978579294175709,-3.8228806729060114,-3.482869723763835,-1.3156131697511002,-7.931326554773195,1.9674864765830813,6.842454993941108,-3.8084801726378488,-3.5830356249643267,6.842454993941108,-3.8084801726378488,-3.5830356249643267,-0.6822272928605991,7.9604841673393425,-3.7513607304846848,-11.15029178739797,-4.223779703834653,-1.1931884625485811,-4.486670090543148,0.4362909527054591,-0.2025045312276781,0.0,0.0,0.0,0.0,0.0,0.0,0.0,0.0,0.0,0.0,0.0,0.0,0.0,0.0,0.0,0.0,0.0,0.0,0.0,0.0,0.0,0.0,0.0,0.0,0.0,0.0,0.0,0.0,0.0,0.0,0.0,0.0,0.0,0.0,0.0,0.0,0.0,0.0,0.0,0.0,0.0,0.0
LPPLTAD,5.777283528852417,-0.10678091373805224,-2.9133775091756173,0.5973277946316646,-1.3156131697511002,-7.931326554773195,1.9674864765830813,-1.3156131697511002,-7.931326554773195,1.9674864765830813,-0.22504118341152568,-2.5685731884578145,0.6339679606587475,-4.03133485161142,0.9106858437232062,-0.5897344275261446,-7.888580947767176,-3.3813526052952785,-1.5228485843542836,-3.255156372398889,7.385505239032352,-5.84676748818003,0.0,0.0,0.0,0.0,0.0,0.0,0.0,0.0,0.0,0.0,0.0,0.0,0.0,0.0,0.0,0.0,0.0,0.0,0.0,0.0,0.0,0.0,0.0,0.0,0.0,0.0,0.0,0.0,0.0,0.0,0.0,0.0,0.0,0.0,0.0,0.0,0.0,0.0,0.0,0.0,0.0,0.0
FPGPIPN,3.5850266520291822,6.978579294175709,-3.8228806729060114,-3.482869723763835,-1.3156131697511002,-7.931326554773195,1.9674864765830813,-11.15029178739797,-4.223779703834653,-1.1931884625485811,-1.3156131697511002,-7.931326554773195,1.9674864765830813,0.1057304078892986,-2.7665652209007816,0.27408324581529936,-1.3156131697511002,-7.931326554773195,1.9674864765830813,-2.040659773862981,6.81505543344863,-1.3662593290199059,0.0,0.0,0.0,0.0,0.0,0.0,0.0,0.0,0.0,0.0,0.0,0.0,0.0,0.0,0.0,0.0,0.0,0.0,0.0,0.0,0.0,0.0,0.0,0.0,0.0,0.0,0.0,0.0,0.0,0.0,0.0,0.0,0.0,0.0,0.0,0.0,0.0,0.0,0.0,0.0,0.0,0.0
LPQPPQE,6.013228265733755,-0.10678091373805224,-2.9133775091756173,0.5973277946316646,-1.3156131697511002,-7.931326554773195,1.9674864765830813,0.174879605921553,6.401164410159236,-0.9888762374546113,-1.3156131697511002,-7.931326554773195,1.9674864765830813,-1.3156131697511002,-7.931326554773195,1.9674864765830813,0.174879605921553,6.401164410159236,-0.9888762374546113,-0.6765856012972756,7.171897016148379,-5.01869606014355,0.0,0.0,0.0,0.0,0.0,0.0,0.0,0.0,0.0,0.0,0.0,0.0,0.0,0.0,0.0,0.0,0.0,0.0,0.0,0.0,0.0,0.0,0.0,0.0,0.0,0.0,0.0,0.0,0.0,0.0,0.0,0.0,0.0,0.0,0.0,0.0,0.0,0.0,0.0,0.0,0.0,0.0
GPFPILV,3.7859513205880586,-10.645558792425252,-3.5872695512740123,-0.4880850742716901,-1.3156131697511002,-7.931326554773195,1.9674864765830813,6.842454993941108,-3.8084801726378488,-3.5830356249643267,-1.3156131697511002,-7.931326554773195,1.9674864765830813,0.1057304078892986,-2.7665652209007816,0.27408324581529936,-0.22504118341152568,-2.5685731884578145,0.6339679606587475,-2.4574106576871406,-2.5439907317828414,-0.5117010222873208,0.0,0.0,0.0,0.0,0.0,0.0,0.0,0.0,0.0,0.0,0.0,0.0,0.0,0.0,0.0,0.0,0.0,0.0,0.0,0.0,0.0,0.0,0.0,0.0,0.0,0.0,0.0,0.0,0.0,0.0,0.0,0.0,0.0,0.0,0.0,0.0,0.0,0.0,0.0,0.0,0.0,0.0
GPFPLLV,3.580044251510242,-10.645558792425252,-3.5872695512740123,-0.4880850742716901,-1.3156131697511002,-7.931326554773195,1.9674864765830813,6.842454993941108,-3.8084801726378488,-3.5830356249643267,-1.3156131697511002,-7.931326554773195,1.9674864765830813,-0.22504118341152568,-2.5685731884578145,0.6339679606587475,-0.22504118341152568,-2.5685731884578145,0.6339679606587475,-2.4574106576871406,-2.5439907317828414,-0.5117010222873208,0.0,0.0,0.0,0.0,0.0,0.0,0.0,0.0,0.0,0.0,0.0,0.0,0.0,0.0,0.0,0.0,0.0,0.0,0.0,0.0,0.0,0.0,0.0,0.0,0.0,0.0,0.0,0.0,0.0,0.0,0.0,0.0,0.0,0.0,0.0,0.0,0.0,0.0,0.0,0.0,0.0,0.0
IPIPATKT,4.1938200260161125,0.07703212186835602,-3.141303467359195,0.17510673142960811,-1.3156131697511002,-7.931326554773195,1.9674864765830813,0.1057304078892986,-2.7665652209007816,0.27408324581529936,-1.3156131697511002,-7.931326554773195,1.9674864765830813,-7.888580947767176,-3.3813526052952785,-1.5228485843542836,-4.03133485161142,0.9106858437232062,-0.5897344275261446,1.8910564899835338,1.4004808428959485,4.69715856670379,-4.486670090543148,0.4362909527054591,-0.2025045312276781,0.0,0.0,0.0,0.0,0.0,0.0,0.0,0.0,0.0,0.0,0.0,0.0,0.0,0.0,0.0,0.0,0.0,0.0,0.0,0.0,0.0,0.0,0.0,0.0,0.0,0.0,0.0,0.0,0.0,0.0,0.0,0.0,0.0,0.0,0.0,0.0,0.0,0.0,0.0
VADTMEVV,3.219682687859849,-2.5510583608777613,-2.9906677869128226,-0.7934233883746501,-7.888580947767176,-3.3813526052952785,-1.5228485843542836,-3.1326241322920425,8.19236862764375,-4.588035229592277,-4.03133485161142,0.9106858437232062,-0.5897344275261446,-0.18682927041109645,-3.2829587769034436,3.9086083048821028,-0.6822272928605991,7.9604841673393425,-3.7513607304846848,-2.515917487795508,-2.592407525298537,-0.8059585498541143,-2.4574106576871406,-2.5439907317828414,-0.5117010222873208,0.0,0.0,0.0,0.0,0.0,0.0,0.0,0.0,0.0,0.0,0.0,0.0,0.0,0.0,0.0,0.0,0.0,0.0,0.0,0.0,0.0,0.0,0.0,0.0,0.0,0.0,0.0,0.0,0.0,0.0,0.0,0.0,0.0,0.0,0.0,0.0,0.0,0.0,0.0
VAPEEHPT,3.388276691992658,-2.5510583608777613,-2.9906677869128226,-0.7934233883746501,-7.888580947767176,-3.3813526052952785,-1.5228485843542836,-1.3156131697511002,-7.931326554773195,1.9674864765830813,-0.6822272928605991,7.9604841673393425,-3.7513607304846848,-0.6822272928605991,7.9604841673393425,-3.7513607304846848,5.436924791965744,-1.1618887769861461,2.0669477526273567,-1.3156131697511002,-7.931326554773195,1.9674864765830813,-4.486670090543148,0.4362909527054591,-0.2025045312276781,0.0,0.0,0.0,0.0,0.0,0.0,0.0,0.0,0.0,0.0,0.0,0.0,0.0,0.0,0.0,0.0,0.0,0.0,0.0,0.0,0.0,0.0,0.0,0.0,0.0,0.0,0.0,0.0,0.0,0.0,0.0,0.0,0.0,0.0,0.0,0.0,0.0,0.0,0.0
VPPFIQPE,2.6020599913279625,-2.5510583608777613,-2.9906677869128226,-0.7934233883746501,-1.3156131697511002,-7.931326554773195,1.9674864765830813,-1.3156131697511002,-7.931326554773195,1.9674864765830813,6.842454993941108,-3.8084801726378488,-3.5830356249643267,0.1057304078892986,-2.7665652209007816,0.27408324581529936,0.174879605921553,6.401164410159236,-0.9888762374546113,-1.3156131697511002,-7.931326554773195,1.9674864765830813,-0.6765856012972756,7.171897016148379,-5.01869606014355,0.0,0.0,0.0,0.0,0.0,0.0,0.0,0.0,0.0,0.0,0.0,0.0,0.0,0.0,0.0,0.0,0.0,0.0,0.0,0.0,0.0,0.0,0.0,0.0,0.0,0.0,0.0,0.0,0.0,0.0,0.0,0.0,0.0,0.0,0.0,0.0,0.0,0.0,0.0
LPQNIPPL,5.337242168318426,-0.10678091373805224,-2.9133775091756173,0.5973277946316646,-1.3156131697511002,-7.931326554773195,1.9674864765830813,0.174879605921553,6.401164410159236,-0.9888762374546113,-2.3581602454561637,6.0951929354292105,-1.4253202660342736,0.1057304078892986,-2.7665652209007816,0.27408324581529936,-1.3156131697511002,-7.931326554773195,1.9674864765830813,-1.3156131697511002,-7.931326554773195,1.9674864765830813,-0.338652952185731,-2.391725819441075,0.8688722417671073,0.0,0.0,0.0,0.0,0.0,0.0,0.0,0.0,0.0,0.0,0.0,0.0,0.0,0.0,0.0,0.0,0.0,0.0,0.0,0.0,0.0,0.0,0.0,0.0,0.0,0.0,0.0,0.0,0.0,0.0,0.0,0.0,0.0,0.0,0.0,0.0,0.0,0.0,0.0
IAVPTGVA,3.9746941347352296,0.07703212186835602,-3.141303467359195,0.17510673142960811,-7.888580947767176,-3.3813526052952785,-1.5228485843542836,-2.515917487795508,-2.592407525298537,-0.8059585498541143,-1.3156131697511002,-7.931326554773195,1.9674864765830813,-4.03133485161142,0.9106858437232062,-0.5897344275261446,-11.15029178739797,-4.223779703834653,-1.1931884625485811,-2.515917487795508,-2.592407525298537,-0.8059585498541143,-7.951190370427539,-3.3137831357210676,-1.2820171081222722,0.0,0.0,0.0,0.0,0.0,0.0,0.0,0.0,0.0,0.0,0.0,0.0,0.0,0.0,0.0,0.0,0.0,0.0,0.0,0.0,0.0,0.0,0.0,0.0,0.0,0.0,0.0,0.0,0.0,0.0,0.0,0.0,0.0,0.0,0.0,0.0,0.0,0.0,0.0
QLRDIVDK,5.068033885271827,-0.19938995625652003,6.024133165880065,-0.25312711036878205,-0.22504118341152568,-2.5685731884578145,0.6339679606587475,5.507678476190155,7.1601009121148715,11.159497200012913,-3.1326241322920425,8.19236862764375,-4.588035229592277,0.1057304078892986,-2.7665652209007816,0.27408324581529936,-2.515917487795508,-2.592407525298537,-0.8059585498541143,-3.1326241322920425,8.19236862764375,-4.588035229592277,1.8071806263235894,1.2060514407762732,4.529994958666976,0.0,0.0,0.0,0.0,0.0,0.0,0.0,0.0,0.0,0.0,0.0,0.0,0.0,0.0,0.0,0.0,0.0,0.0,0.0,0.0,0.0,0.0,0.0,0.0,0.0,0.0,0.0,0.0,0.0,0.0,0.0,0.0,0.0,0.0,0.0,0.0,0.0,0.0,0.0
MWPVDPNIE,5.657577319177793,0.12719453204827788,-3.268268174447366,4.671549056833927,16.230864838790954,-3.8660493940725864,-2.2177366550300897,-1.3156131697511002,-7.931326554773195,1.9674864765830813,-2.515917487795508,-2.592407525298537,-0.8059585498541143,-3.1326241322920425,8.19236862764375,-4.588035229592277,-1.3156131697511002,-7.931326554773195,1.9674864765830813,-2.3581602454561637,6.0951929354292105,-1.4253202660342736,0.1057304078892986,-2.7665652209007816,0.27408324581529936,-0.6765856012972756,7.171897016148379,-5.01869606014355,0.0,0.0,0.0,0.0,0.0,0.0,0.0,0.0,0.0,0.0,0.0,0.0,0.0,0.0,0.0,0.0,0.0,0.0,0.0,0.0,0.0,0.0,0.0,0.0,0.0,0.0,0.0,0.0,0.0,0.0,0.0,0.0,0.0,0.0,0.0,0.0
LAFPGSAQE,3.649073926130907,-0.10678091373805224,-2.9133775091756173,0.5973277946316646,-7.888580947767176,-3.3813526052952785,-1.5228485843542836,6.842454993941108,-3.8084801726378488,-3.5830356249643267,-1.3156131697511002,-7.931326554773195,1.9674864765830813,-11.15029178739797,-4.223779703834653,-1.1931884625485811,-6.482451795840726,0.5422090734250031,-0.33089271794259767,-7.888580947767176,-3.3813526052952785,-1.5228485843542836,0.174879605921553,6.401164410159236,-0.9888762374546113,-0.6765856012972756,7.171897016148379,-5.01869606014355,0.0,0.0,0.0,0.0,0.0,0.0,0.0,0.0,0.0,0.0,0.0,0.0,0.0,0.0,0.0,0.0,0.0,0.0,0.0,0.0,0.0,0.0,0.0,0.0,0.0,0.0,0.0,0.0,0.0,0.0,0.0,0.0,0.0,0.0,0.0,0.0
RASDPLLSV,3.3703356079994458,5.388134501867419,7.656713388292837,10.225129499351038,-7.888580947767176,-3.3813526052952785,-1.5228485843542836,-6.482451795840726,0.5422090734250031,-0.33089271794259767,-3.1326241322920425,8.19236862764375,-4.588035229592277,-1.3156131697511002,-7.931326554773195,1.9674864765830813,-0.22504118341152568,-2.5685731884578145,0.6339679606587475,-0.22504118341152568,-2.5685731884578145,0.6339679606587475,-6.482451795840726,0.5422090734250031,-0.33089271794259767,-2.4574106576871406,-2.5439907317828414,-0.5117010222873208,0.0,0.0,0.0,0.0,0.0,0.0,0.0,0.0,0.0,0.0,0.0,0.0,0.0,0.0,0.0,0.0,0.0,0.0,0.0,0.0,0.0,0.0,0.0,0.0,0.0,0.0,0.0,0.0,0.0,0.0,0.0,0.0,0.0,0.0,0.0,0.0
LKPTPEGDL,4.346787486224656,-0.10678091373805224,-2.9133775091756173,0.5973277946316646,1.8910564899835338,1.4004808428959485,4.69715856670379,-1.3156131697511002,-7.931326554773195,1.9674864765830813,-4.03133485161142,0.9106858437232062,-0.5897344275261446,-1.3156131697511002,-7.931326554773195,1.9674864765830813,-0.6822272928605991,7.9604841673393425,-3.7513607304846848,-11.15029178739797,-4.223779703834653,-1.1931884625485811,-3.1326241322920425,8.19236862764375,-4.588035229592277,-0.338652952185731,-2.391725819441075,0.8688722417671073,0.0,0.0,0.0,0.0,0.0,0.0,0.0,0.0,0.0,0.0,0.0,0.0,0.0,0.0,0.0,0.0,0.0,0.0,0.0,0.0,0.0,0.0,0.0,0.0,0.0,0.0,0.0,0.0,0.0,0.0,0.0,0.0,0.0,0.0,0.0,0.0
IPPLTQTPV,2.886056647693163,0.07703212186835602,-3.141303467359195,0.17510673142960811,-1.3156131697511002,-7.931326554773195,1.9674864765830813,-1.3156131697511002,-7.931326554773195,1.9674864765830813,-0.22504118341152568,-2.5685731884578145,0.6339679606587475,-4.03133485161142,0.9106858437232062,-0.5897344275261446,0.174879605921553,6.401164410159236,-0.9888762374546113,-4.03133485161142,0.9106858437232062,-0.5897344275261446,-1.3156131697511002,-7.931326554773195,1.9674864765830813,-2.4574106576871406,-2.5439907317828414,-0.5117010222873208,0.0,0.0,0.0,0.0,0.0,0.0,0.0,0.0,0.0,0.0,0.0,0.0,0.0,0.0,0.0,0.0,0.0,0.0,0.0,0.0,0.0,0.0,0.0,0.0,0.0,0.0,0.0,0.0,0.0,0.0,0.0,0.0,0.0,0.0,0.0,0.0
VLVLDTDYK,3.372224624770697,-2.5510583608777613,-2.9906677869128226,-0.7934233883746501,-0.22504118341152568,-2.5685731884578145,0.6339679606587475,-2.515917487795508,-2.592407525298537,-0.8059585498541143,-0.22504118341152568,-2.5685731884578145,0.6339679606587475,-3.1326241322920425,8.19236862764375,-4.588035229592277,-4.03133485161142,0.9106858437232062,-0.5897344275261446,-3.1326241322920425,8.19236862764375,-4.588035229592277,9.448530571354771,-0.2980922496208526,-5.99716656326339,1.8071806263235894,1.2060514407762732,4.529994958666976,0.0,0.0,0.0,0.0,0.0,0.0,0.0,0.0,0.0,0.0,0.0,0.0,0.0,0.0,0.0,0.0,0.0,0.0,0.0,0.0,0.0,0.0,0.0,0.0,0.0,0.0,0.0,0.0,0.0,0.0,0.0,0.0,0.0,0.0,0.0,0.0
LTFPGSAED,3.642065152999546,-0.10678091373805224,-2.9133775091756173,0.5973277946316646,-4.03133485161142,0.9106858437232062,-0.5897344275261446,6.842454993941108,-3.8084801726378488,-3.5830356249643267,-1.3156131697511002,-7.931326554773195,1.9674864765830813,-11.15029178739797,-4.223779703834653,-1.1931884625485811,-6.482451795840726,0.5422090734250031,-0.33089271794259767,-7.888580947767176,-3.3813526052952785,-1.5228485843542836,-0.6822272928605991,7.9604841673393425,-3.7513607304846848,-3.255156372398889,7.385505239032352,-5.84676748818003,0.0,0.0,0.0,0.0,0.0,0.0,0.0,0.0,0.0,0.0,0.0,0.0,0.0,0.0,0.0,0.0,0.0,0.0,0.0,0.0,0.0,0.0,0.0,0.0,0.0,0.0,0.0,0.0,0.0,0.0,0.0,0.0,0.0,0.0,0.0,0.0
YPFPGPIPD,3.1739251972991736,9.331698937719244,-0.0011770848900616786,-5.966362687605359,-1.3156131697511002,-7.931326554773195,1.9674864765830813,6.842454993941108,-3.8084801726378488,-3.5830356249643267,-1.3156131697511002,-7.931326554773195,1.9674864765830813,-11.15029178739797,-4.223779703834653,-1.1931884625485811,-1.3156131697511002,-7.931326554773195,1.9674864765830813,0.1057304078892986,-2.7665652209007816,0.27408324581529936,-1.3156131697511002,-7.931326554773195,1.9674864765830813,-3.255156372398889,7.385505239032352,-5.84676748818003,0.0,0.0,0.0,0.0,0.0,0.0,0.0,0.0,0.0,0.0,0.0,0.0,0.0,0.0,0.0,0.0,0.0,0.0,0.0,0.0,0.0,0.0,0.0,0.0,0.0,0.0,0.0,0.0,0.0,0.0,0.0,0.0,0.0,0.0,0.0,0.0
YPFPGPIPN,3.1739251972991736,9.331698937719244,-0.0011770848900616786,-5.966362687605359,-1.3156131697511002,-7.931326554773195,1.9674864765830813,6.842454993941108,-3.8084801726378488,-3.5830356249643267,-1.3156131697511002,-7.931326554773195,1.9674864765830813,-11.15029178739797,-4.223779703834653,-1.1931884625485811,-1.3156131697511002,-7.931326554773195,1.9674864765830813,0.1057304078892986,-2.7665652209007816,0.27408324581529936,-1.3156131697511002,-7.931326554773195,1.9674864765830813,-2.040659773862981,6.81505543344863,-1.3662593290199059,0.0,0.0,0.0,0.0,0.0,0.0,0.0,0.0,0.0,0.0,0.0,0.0,0.0,0.0,0.0,0.0,0.0,0.0,0.0,0.0,0.0,0.0,0.0,0.0,0.0,0.0,0.0,0.0,0.0,0.0,0.0,0.0,0.0,0.0,0.0,0.0
GPAGPQGPR,6.292429823902063,-10.645558792425252,-3.5872695512740123,-0.4880850742716901,-1.3156131697511002,-7.931326554773195,1.9674864765830813,-7.888580947767176,-3.3813526052952785,-1.5228485843542836,-11.15029178739797,-4.223779703834653,-1.1931884625485811,-1.3156131697511002,-7.931326554773195,1.9674864765830813,0.174879605921553,6.401164410159236,-0.9888762374546113,-11.15029178739797,-4.223779703834653,-1.1931884625485811,-1.3156131697511002,-7.931326554773195,1.9674864765830813,5.574236692330567,8.469502039131621,11.106192083688962,0.0,0.0,0.0,0.0,0.0,0.0,0.0,0.0,0.0,0.0,0.0,0.0,0.0,0.0,0.0,0.0,0.0,0.0,0.0,0.0,0.0,0.0,0.0,0.0,0.0,0.0,0.0,0.0,0.0,0.0,0.0,0.0,0.0,0.0,0.0,0.0
GPPPPGPPPI,3.3010299956639813,-10.645558792425252,-3.5872695512740123,-0.4880850742716901,-1.3156131697511002,-7.931326554773195,1.9674864765830813,-1.3156131697511002,-7.931326554773195,1.9674864765830813,-1.3156131697511002,-7.931326554773195,1.9674864765830813,-1.3156131697511002,-7.931326554773195,1.9674864765830813,-11.15029178739797,-4.223779703834653,-1.1931884625485811,-1.3156131697511002,-7.931326554773195,1.9674864765830813,-1.3156131697511002,-7.931326554773195,1.9674864765830813,-1.3156131697511002,-7.931326554773195,1.9674864765830813,0.13193199711954567,-2.7381532785912532,0.5480683111438396,0.0,0.0,0.0,0.0,0.0,0.0,0.0,0.0,0.0,0.0,0.0,0.0,0.0,0.0,0.0,0.0,0.0,0.0,0.0,0.0,0.0,0.0,0.0,0.0,0.0,0.0,0.0,0.0,0.0,0.0,0.0,0.0,0.0
VGINYWLAHK,4.860120913598763,-2.5510583608777613,-2.9906677869128226,-0.7934233883746501,-11.15029178739797,-4.223779703834653,-1.1931884625485811,0.1057304078892986,-2.7665652209007816,0.27408324581529936,-2.3581602454561637,6.0951929354292105,-1.4253202660342736,9.448530571354771,-0.2980922496208526,-5.99716656326339,16.230864838790954,-3.8660493940725864,-2.2177366550300897,-0.22504118341152568,-2.5685731884578145,0.6339679606587475,-7.888580947767176,-3.3813526052952785,-1.5228485843542836,5.436924791965744,-1.1618887769861461,2.0669477526273567,1.8071806263235894,1.2060514407762732,4.529994958666976,0.0,0.0,0.0,0.0,0.0,0.0,0.0,0.0,0.0,0.0,0.0,0.0,0.0,0.0,0.0,0.0,0.0,0.0,0.0,0.0,0.0,0.0,0.0,0.0,0.0,0.0,0.0,0.0,0.0,0.0,0.0,0.0,0.0
LKPTPEGDLE,4.376750709602099,-0.10678091373805224,-2.9133775091756173,0.5973277946316646,1.8910564899835338,1.4004808428959485,4.69715856670379,-1.3156131697511002,-7.931326554773195,1.9674864765830813,-4.03133485161142,0.9106858437232062,-0.5897344275261446,-1.3156131697511002,-7.931326554773195,1.9674864765830813,-0.6822272928605991,7.9604841673393425,-3.7513607304846848,-11.15029178739797,-4.223779703834653,-1.1931884625485811,-3.1326241322920425,8.19236862764375,-4.588035229592277,-0.22504118341152568,-2.5685731884578145,0.6339679606587475,-0.6765856012972756,7.171897016148379,-5.01869606014355,0.0,0.0,0.0,0.0,0.0,0.0,0.0,0.0,0.0,0.0,0.0,0.0,0.0,0.0,0.0,0.0,0.0,0.0,0.0,0.0,0.0,0.0,0.0,0.0,0.0,0.0,0.0,0.0,0.0,0.0,0.0,0.0,0.0
PPGLPGSPGQ,6.259637310505756,-1.5371628851710246,-7.571868322356164,0.1884437256385068,-1.3156131697511002,-7.931326554773195,1.9674864765830813,-11.15029178739797,-4.223779703834653,-1.1931884625485811,-0.22504118341152568,-2.5685731884578145,0.6339679606587475,-1.3156131697511002,-7.931326554773195,1.9674864765830813,-11.15029178739797,-4.223779703834653,-1.1931884625485811,-6.482451795840726,0.5422090734250031,-0.33089271794259767,-1.3156131697511002,-7.931326554773195,1.9674864765830813,-11.15029178739797,-4.223779703834653,-1.1931884625485811,0.5043269910285714,7.125206332903636,-0.9510923610468568,0.0,0.0,0.0,0.0,0.0,0.0,0.0,0.0,0.0,0.0,0.0,0.0,0.0,0.0,0.0,0.0,0.0,0.0,0.0,0.0,0.0,0.0,0.0,0.0,0.0,0.0,0.0,0.0,0.0,0.0,0.0,0.0,0.0
LVVYPWTQRF,4.536107011014092,-0.10678091373805224,-2.9133775091756173,0.5973277946316646,-2.515917487795508,-2.592407525298537,-0.8059585498541143,-2.515917487795508,-2.592407525298537,-0.8059585498541143,9.448530571354771,-0.2980922496208526,-5.99716656326339,-1.3156131697511002,-7.931326554773195,1.9674864765830813,16.230864838790954,-3.8660493940725864,-2.2177366550300897,-4.03133485161142,0.9106858437232062,-0.5897344275261446,0.174879605921553,6.401164410159236,-0.9888762374546113,5.507678476190155,7.1601009121148715,11.159497200012913,6.725212596781336,-3.8652350867287826,-3.185850790783945,0.0,0.0,0.0,0.0,0.0,0.0,0.0,0.0,0.0,0.0,0.0,0.0,0.0,0.0,0.0,0.0,0.0,0.0,0.0,0.0,0.0,0.0,0.0,0.0,0.0,0.0,0.0,0.0,0.0,0.0,0.0,0.0,0.0
INNQFLPYPY,4.39707228714081,0.07703212186835602,-3.141303467359195,0.17510673142960811,-2.3581602454561637,6.0951929354292105,-1.4253202660342736,-2.3581602454561637,6.0951929354292105,-1.4253202660342736,0.174879605921553,6.401164410159236,-0.9888762374546113,6.842454993941108,-3.8084801726378488,-3.5830356249643267,-0.22504118341152568,-2.5685731884578145,0.6339679606587475,-1.3156131697511002,-7.931326554773195,1.9674864765830813,9.448530571354771,-0.2980922496208526,-5.99716656326339,-1.3156131697511002,-7.931326554773195,1.9674864765830813,9.525620532168743,-1.076669160577019,-4.998800300485264,0.0,0.0,0.0,0.0,0.0,0.0,0.0,0.0,0.0,0.0,0.0,0.0,0.0,0.0,0.0,0.0,0.0,0.0,0.0,0.0,0.0,0.0,0.0,0.0,0.0,0.0,0.0,0.0,0.0,0.0,0.0,0.0,0.0
IAIPPGIPYW,4.905528871358355,0.07703212186835602,-3.141303467359195,0.17510673142960811,-7.888580947767176,-3.3813526052952785,-1.5228485843542836,0.1057304078892986,-2.7665652209007816,0.27408324581529936,-1.3156131697511002,-7.931326554773195,1.9674864765830813,-1.3156131697511002,-7.931326554773195,1.9674864765830813,-11.15029178739797,-4.223779703834653,-1.1931884625485811,0.1057304078892986,-2.7665652209007816,0.27408324581529936,-1.3156131697511002,-7.931326554773195,1.9674864765830813,9.448530571354771,-0.2980922496208526,-5.99716656326339,16.20332566670491,-4.044775529813907,-2.677643490086634,0.0,0.0,0.0,0.0,0.0,0.0,0.0,0.0,0.0,0.0,0.0,0.0,0.0,0.0,0.0,0.0,0.0,0.0,0.0,0.0,0.0,0.0,0.0,0.0,0.0,0.0,0.0,0.0,0.0,0.0,0.0,0.0,0.0
TPEVDDEALEK,3.495529137505581,-4.282630111297579,0.926483061048546,-1.5560935694271958,-1.3156131697511002,-7.931326554773195,1.9674864765830813,-0.6822272928605991,7.9604841673393425,-3.7513607304846848,-2.515917487795508,-2.592407525298537,-0.8059585498541143,-3.1326241322920425,8.19236862764375,-4.588035229592277,-3.1326241322920425,8.19236862764375,-4.588035229592277,-0.6822272928605991,7.9604841673393425,-3.7513607304846848,-7.888580947767176,-3.3813526052952785,-1.5228485843542836,-0.22504118341152568,-2.5685731884578145,0.6339679606587475,-0.6822272928605991,7.9604841673393425,-3.7513607304846848,1.8071806263235894,1.2060514407762732,4.529994958666976,0.0,0.0,0.0,0.0,0.0,0.0,0.0,0.0,0.0,0.0,0.0,0.0,0.0,0.0,0.0,0.0,0.0,0.0,0.0,0.0,0.0,0.0,0.0,0.0,0.0,0.0,0.0,0.0,0.0,0.0
LAPSLPGKPKPD,3.4418916983694503,-0.10678091373805224,-2.9133775091756173,0.5973277946316646,-7.888580947767176,-3.3813526052952785,-1.5228485843542836,-1.3156131697511002,-7.931326554773195,1.9674864765830813,-6.482451795840726,0.5422090734250031,-0.33089271794259767,-0.22504118341152568,-2.5685731884578145,0.6339679606587475,-1.3156131697511002,-7.931326554773195,1.9674864765830813,-11.15029178739797,-4.223779703834653,-1.1931884625485811,1.8910564899835338,1.4004808428959485,4.69715856670379,-1.3156131697511002,-7.931326554773195,1.9674864765830813,1.8910564899835338,1.4004808428959485,4.69715856670379,-1.3156131697511002,-7.931326554773195,1.9674864765830813,-3.255156372398889,7.385505239032352,-5.84676748818003,0.0,0.0,0.0,0.0,0.0,0.0,0.0,0.0,0.0,0.0,0.0,0.0,0.0,0.0,0.0,0.0,0.0,0.0,0.0,0.0,0.0,0.0,0.0,0.0,0.0,0.0,0.0
LKPTPEGDLEIL,4.2441251443275085,-0.10678091373805224,-2.9133775091756173,0.5973277946316646,1.8910564899835338,1.4004808428959485,4.69715856670379,-1.3156131697511002,-7.931326554773195,1.9674864765830813,-4.03133485161142,0.9106858437232062,-0.5897344275261446,-1.3156131697511002,-7.931326554773195,1.9674864765830813,-0.6822272928605991,7.9604841673393425,-3.7513607304846848,-11.15029178739797,-4.223779703834653,-1.1931884625485811,-3.1326241322920425,8.19236862764375,-4.588035229592277,-0.22504118341152568,-2.5685731884578145,0.6339679606587475,-0.6822272928605991,7.9604841673393425,-3.7513607304846848,0.1057304078892986,-2.7665652209007816,0.27408324581529936,-0.338652952185731,-2.391725819441075,0.8688722417671073,0.0,0.0,0.0,0.0,0.0,0.0,0.0,0.0,0.0,0.0,0.0,0.0,0.0,0.0,0.0,0.0,0.0,0.0,0.0,0.0,0.0,0.0,0.0,0.0,0.0,0.0,0.0
PACGGFYISGRPG,4.015922966097169,-1.5371628851710246,-7.571868322356164,0.1884437256385068,-7.888580947767176,-3.3813526052952785,-1.5228485843542836,-5.669048011441799,-2.781212643949433,2.2864045417660774,-11.15029178739797,-4.223779703834653,-1.1931884625485811,-11.15029178739797,-4.223779703834653,-1.1931884625485811,6.842454993941108,-3.8084801726378488,-3.5830356249643267,9.448530571354771,-0.2980922496208526,-5.99716656326339,0.1057304078892986,-2.7665652209007816,0.27408324581529936,-6.482451795840726,0.5422090734250031,-0.33089271794259767,-11.15029178739797,-4.223779703834653,-1.1931884625485811,5.507678476190155,7.1601009121148715,11.159497200012913,-1.3156131697511002,-7.931326554773195,1.9674864765830813,-10.685711481350559,-3.7144747087686145,-1.1966589313284235,0.0,0.0,0.0,0.0,0.0,0.0,0.0,0.0,0.0,0.0,0.0,0.0,0.0,0.0,0.0,0.0,0.0,0.0,0.0,0.0,0.0,0.0,0.0,0.0
TQMVDEEIMEKFR,4.155895769302487,-4.282630111297579,0.926483061048546,-1.5560935694271958,0.174879605921553,6.401164410159236,-0.9888762374546113,-0.18682927041109645,-3.2829587769034436,3.9086083048821028,-2.515917487795508,-2.592407525298537,-0.8059585498541143,-3.1326241322920425,8.19236862764375,-4.588035229592277,-0.6822272928605991,7.9604841673393425,-3.7513607304846848,-0.6822272928605991,7.9604841673393425,-3.7513607304846848,0.1057304078892986,-2.7665652209007816,0.27408324581529936,-0.18682927041109645,-3.2829587769034436,3.9086083048821028,-0.6822272928605991,7.9604841673393425,-3.7513607304846848,1.8910564899835338,1.4004808428959485,4.69715856670379,6.842454993941108,-3.8084801726378488,-3.5830356249643267,5.574236692330567,8.469502039131621,11.106192083688962,0.0,0.0,0.0,0.0,0.0,0.0,0.0,0.0,0.0,0.0,0.0,0.0,0.0,0.0,0.0,0.0,0.0,0.0,0.0,0.0,0.0,0.0,0.0,0.0
PACGGFWISGRPG,4.015922966097169,-1.5371628851710246,-7.571868322356164,0.1884437256385068,-7.888580947767176,-3.3813526052952785,-1.5228485843542836,-5.669048011441799,-2.781212643949433,2.2864045417660774,-11.15029178739797,-4.223779703834653,-1.1931884625485811,-11.15029178739797,-4.223779703834653,-1.1931884625485811,6.842454993941108,-3.8084801726378488,-3.5830356249643267,16.230864838790954,-3.8660493940725864,-2.2177366550300897,0.1057304078892986,-2.7665652209007816,0.27408324581529936,-6.482451795840726,0.5422090734250031,-0.33089271794259767,-11.15029178739797,-4.223779703834653,-1.1931884625485811,5.507678476190155,7.1601009121148715,11.159497200012913,-1.3156131697511002,-7.931326554773195,1.9674864765830813,-10.685711481350559,-3.7144747087686145,-1.1966589313284235,0.0,0.0,0.0,0.0,0.0,0.0,0.0,0.0,0.0,0.0,0.0,0.0,0.0,0.0,0.0,0.0,0.0,0.0,0.0,0.0,0.0,0.0,0.0,0.0
ASGLCPEEAVPRR,5.657577319177793,-7.741434771697623,-3.4844618748942513,-1.1478765775462745,-6.482451795840726,0.5422090734250031,-0.33089271794259767,-11.15029178739797,-4.223779703834653,-1.1931884625485811,-0.22504118341152568,-2.5685731884578145,0.6339679606587475,-5.669048011441799,-2.781212643949433,2.2864045417660774,-1.3156131697511002,-7.931326554773195,1.9674864765830813,-0.6822272928605991,7.9604841673393425,-3.7513607304846848,-0.6822272928605991,7.9604841673393425,-3.7513607304846848,-7.888580947767176,-3.3813526052952785,-1.5228485843542836,-2.515917487795508,-2.592407525298537,-0.8059585498541143,-1.3156131697511002,-7.931326554773195,1.9674864765830813,5.507678476190155,7.1601009121148715,11.159497200012913,5.574236692330567,8.469502039131621,11.106192083688962,0.0,0.0,0.0,0.0,0.0,0.0,0.0,0.0,0.0,0.0,0.0,0.0,0.0,0.0,0.0,0.0,0.0,0.0,0.0,0.0,0.0,0.0,0.0,0.0
IPGDPGPPGPPGP,4.184422251675732,0.07703212186835602,-3.141303467359195,0.17510673142960811,-1.3156131697511002,-7.931326554773195,1.9674864765830813,-11.15029178739797,-4.223779703834653,-1.1931884625485811,-3.1326241322920425,8.19236862764375,-4.588035229592277,-1.3156131697511002,-7.931326554773195,1.9674864765830813,-11.15029178739797,-4.223779703834653,-1.1931884625485811,-1.3156131697511002,-7.931326554773195,1.9674864765830813,-1.3156131697511002,-7.931326554773195,1.9674864765830813,-11.15029178739797,-4.223779703834653,-1.1931884625485811,-1.3156131697511002,-7.931326554773195,1.9674864765830813,-1.3156131697511002,-7.931326554773195,1.9674864765830813,-11.15029178739797,-4.223779703834653,-1.1931884625485811,-1.2741931521935563,-7.903186477926003,2.3528018408049465,0.0,0.0,0.0,0.0,0.0,0.0,0.0,0.0,0.0,0.0,0.0,0.0,0.0,0.0,0.0,0.0,0.0,0.0,0.0,0.0,0.0,0.0,0.0,0.0
CAYQWQRPVDRIR,4.107905397309519,-5.597484538031106,-2.8860133235732235,3.587934142798534,-7.888580947767176,-3.3813526052952785,-1.5228485843542836,9.448530571354771,-0.2980922496208526,-5.99716656326339,0.174879605921553,6.401164410159236,-0.9888762374546113,16.230864838790954,-3.8660493940725864,-2.2177366550300897,0.174879605921553,6.401164410159236,-0.9888762374546113,5.507678476190155,7.1601009121148715,11.159497200012913,-1.3156131697511002,-7.931326554773195,1.9674864765830813,-2.515917487795508,-2.592407525298537,-0.8059585498541143,-3.1326241322920425,8.19236862764375,-4.588035229592277,5.507678476190155,7.1601009121148715,11.159497200012913,0.1057304078892986,-2.7665652209007816,0.27408324581529936,5.574236692330567,8.469502039131621,11.106192083688962,0.0,0.0,0.0,0.0,0.0,0.0,0.0,0.0,0.0,0.0,0.0,0.0,0.0,0.0,0.0,0.0,0.0,0.0,0.0,0.0,0.0,0.0,0.0,0.0
SAPRHGSLGFLPRK,4.630042392653947,-6.8233005218944,0.765438203440133,-0.9301897849939443,-7.888580947767176,-3.3813526052952785,-1.5228485843542836,-1.3156131697511002,-7.931326554773195,1.9674864765830813,5.507678476190155,7.1601009121148715,11.159497200012913,5.436924791965744,-1.1618887769861461,2.0669477526273567,-11.15029178739797,-4.223779703834653,-1.1931884625485811,-6.482451795840726,0.5422090734250031,-0.33089271794259767,-0.22504118341152568,-2.5685731884578145,0.6339679606587475,-11.15029178739797,-4.223779703834653,-1.1931884625485811,6.842454993941108,-3.8084801726378488,-3.5830356249643267,-0.22504118341152568,-2.5685731884578145,0.6339679606587475,-1.3156131697511002,-7.931326554773195,1.9674864765830813,5.507678476190155,7.1601009121148715,11.159497200012913,1.8071806263235894,1.2060514407762732,4.529994958666976,0.0,0.0,0.0,0.0,0.0,0.0,0.0,0.0,0.0,0.0,0.0,0.0,0.0,0.0,0.0,0.0,0.0,0.0,0.0,0.0,0.0
PGVGGPLGPIGPCYG,3.935167780261426,-1.5371628851710246,-7.571868322356164,0.1884437256385068,-11.15029178739797,-4.223779703834653,-1.1931884625485811,-2.515917487795508,-2.592407525298537,-0.8059585498541143,-11.15029178739797,-4.223779703834653,-1.1931884625485811,-11.15029178739797,-4.223779703834653,-1.1931884625485811,-1.3156131697511002,-7.931326554773195,1.9674864765830813,-0.22504118341152568,-2.5685731884578145,0.6339679606587475,-11.15029178739797,-4.223779703834653,-1.1931884625485811,-1.3156131697511002,-7.931326554773195,1.9674864765830813,0.1057304078892986,-2.7665652209007816,0.27408324581529936,-11.15029178739797,-4.223779703834653,-1.1931884625485811,-1.3156131697511002,-7.931326554773195,1.9674864765830813,-5.669048011441799,-2.781212643949433,2.2864045417660774,9.448530571354771,-0.2980922496208526,-5.99716656326339,-10.685711481350559,-3.7144747087686145,-1.1966589313284235,0.0,0.0,0.0,0.0,0.0,0.0,0.0,0.0,0.0,0.0,0.0,0.0,0.0,0.0,0.0,0.0,0.0,0.0
PGVGGPLGPIGPCYE,3.9355420107730814,-1.5371628851710246,-7.571868322356164,0.1884437256385068,-11.15029178739797,-4.223779703834653,-1.1931884625485811,-2.515917487795508,-2.592407525298537,-0.8059585498541143,-11.15029178739797,-4.223779703834653,-1.1931884625485811,-11.15029178739797,-4.223779703834653,-1.1931884625485811,-1.3156131697511002,-7.931326554773195,1.9674864765830813,-0.22504118341152568,-2.5685731884578145,0.6339679606587475,-11.15029178739797,-4.223779703834653,-1.1931884625485811,-1.3156131697511002,-7.931326554773195,1.9674864765830813,0.1057304078892986,-2.7665652209007816,0.27408324581529936,-11.15029178739797,-4.223779703834653,-1.1931884625485811,-1.3156131697511002,-7.931326554773195,1.9674864765830813,-5.669048011441799,-2.781212643949433,2.2864045417660774,9.448530571354771,-0.2980922496208526,-5.99716656326339,-0.6765856012972756,7.171897016148379,-5.01869606014355,0.0,0.0,0.0,0.0,0.0,0.0,0.0,0.0,0.0,0.0,0.0,0.0,0.0,0.0,0.0,0.0,0.0,0.0
SGVSLAALKKALAAAGYDVEK,4.074739490480565,-6.8233005218944,0.765438203440133,-0.9301897849939443,-11.15029178739797,-4.223779703834653,-1.1931884625485811,-2.515917487795508,-2.592407525298537,-0.8059585498541143,-6.482451795840726,0.5422090734250031,-0.33089271794259767,-0.22504118341152568,-2.5685731884578145,0.6339679606587475,-7.888580947767176,-3.3813526052952785,-1.5228485843542836,-7.888580947767176,-3.3813526052952785,-1.5228485843542836,-0.22504118341152568,-2.5685731884578145,0.6339679606587475,1.8910564899835338,1.4004808428959485,4.69715856670379,1.8910564899835338,1.4004808428959485,4.69715856670379,-7.888580947767176,-3.3813526052952785,-1.5228485843542836,-0.22504118341152568,-2.5685731884578145,0.6339679606587475,-7.888580947767176,-3.3813526052952785,-1.5228485843542836,-7.888580947767176,-3.3813526052952785,-1.5228485843542836,-7.888580947767176,-3.3813526052952785,-1.5228485843542836,-11.15029178739797,-4.223779703834653,-1.1931884625485811,9.448530571354771,-0.2980922496208526,-5.99716656326339,-3.1326241322920425,8.19236862764375,-4.588035229592277,-2.515917487795508,-2.592407525298537,-0.8059585498541143,-0.6822272928605991,7.9604841673393425,-3.7513607304846848,1.8071806263235894,1.2060514407762732,4.529994958666976
